AC-3.0,,,,,HI Table for Antigenic Cartography
Test Date:,2019-08-16,,Table serum species:,,,Comment:,
Lab:,MERGE_V3_2012-18_REDUCED,,RBC species:,turkey,,Author:,
Flu type:,A(H1),,RBC ID:
Operator assessment of table quality,,,,,1,2,3,4,5,6,7,8,9,10,11,12,13,14,15,16,17,18,19,20,21,22,23,24,25,26,27,28,29,30,31,32,33,34,35,36,37,38,39,40,41,42,43,44,45,46,47,48,49,50,51,52,53,54,55,56,57,58,59,60,61,62,63,64,65,66,67,68,69
,,,,Serum passages:,,,,,,,,,,,,,,,,,,,,,,,,,,,,,,,,,,,,,,,,,,,,,,,,,,,,,,,,,,,,,,,,,,,,,
,,,,Serum IDs:,EXP428-P592,EXP428-P560,EXP428-P569,EXP428-P578,EXP428-P581,EXP467-P821,EXP569-P859,EXP569-P860,EXP480-P868,EXP480-P869,EXP480-P864,EXP480-P865,EXP480-P866,EXP480-P867,EXP569B-P927,EXP569B-P928,EXP496M-P960,EXP496M-P962,EXP496M-963,EXP496M-966,EXP604-P50,EXP604-P51,EXP592B-P3,EXP604-P18,EXP604-P19,EXP604-P38,EXP604-P39,EXP604-P16,EXP604-P17,EXP527-P460,EXP527-P462,EXP527-P468,EXP527-P471,FLU17-P706,FLU17-P707,FLU14-P703,FLU14-P705,EXP428-P593,EXP428-P595,EXP428-P532,EXP428-P588,FLU7-P501,FLU7-P502,EXP535-P171,EXP535-P172,SD-P3,SD-P4,SD-P10,SD-P11,SD-P12,SD-P15,EXP480-P874,EXP480-P875,SD-P7,SD-P8,SD-P1,SD-P2,SD-P5,SD-P6,SD-P17,SD-P18,FLU9-P583,FLU9-P585,EXPXXX-P175,EXPXXX-P176,EXPXXX-P291,EXPXXX-P292,EXPXXX-P1,EXPXXX-P2
,,,,Individual serum species:,SWINE,SWINE,SWINE,SWINE,SWINE,SWINE,SWINE,SWINE,SWINE,SWINE,SWINE,SWINE,SWINE,SWINE,SWINE,SWINE,SWINE,SWINE,SWINE,SWINE,SWINE,SWINE,SWINE,SWINE,SWINE,SWINE,SWINE,SWINE,SWINE,SWINE,SWINE,SWINE,SWINE,SWINE,SWINE,SWINE,SWINE,SWINE,SWINE,SWINE,SWINE,SWINE,SWINE,SWINE,SWINE,SWINE,SWINE,SWINE,SWINE,SWINE,SWINE,SWINE,SWINE,SWINE,SWINE,SWINE,SWINE,SWINE,SWINE,SWINE,SWINE,SWINE,SWINE,SWINE,SWINE,SWINE,SWINE,SWINE,SWINE
No,Antigen names,ID,Date,Serum names: Passage  ,A/SWINE/MINNESOTA/1192/2001,A/SWINE/MINNESOTA/00194/2003,A/SWINE/MINNESOTA/00194/2003,A/SWINE/KANSAS/00246/2004,A/SWINE/KANSAS/00246/2004,A/SWINE/OHIO/511445/2007,A/SWINE/OHIO/511445/2007,A/SWINE/OHIO/511445/2007,A/SWINE/MISSOURI/02060/2008,A/SWINE/MISSOURI/02060/2008,A/SWINE/NORTH_CAROLINA/02023/2008,A/SWINE/NORTH_CAROLINA/02023/2008,A/SWINE/OHIO/02026/2008,A/SWINE/OHIO/02026/2008,A/SWINE/SOUTH_DAKOTA/A01349306/2013,A/SWINE/SOUTH_DAKOTA/A01349306/2013,A/CALIFORNIA/4/2009,A/CALIFORNIA/4/2009,A/MEXICO/4108/2009,A/MEXICO/4108/2009,A/OHIO/9/2015,A/OHIO/9/2015,A/SWINE/ILLINOIS/A01493472/2014,A/BRAZIL/11/1978,A/BRAZIL/11/1978,A/TAIWAN/1/1986,A/TAIWAN/1/1986,A/BEIJING/262/1995,A/BEIJING/262/1995,A/NEW_CALEDONIA/20/1999,A/NEW_CALEDONIA/20/1999,A/SOLOMON_ISLANDS/3/2006,A/SOLOMON_ISLANDS/3/2006,A/CALIFORNIA/4/2009,A/CALIFORNIA/4/2009,A/MICHIGAN/45/2015,A/MICHIGAN/45/2015,A/SWINE/IOWA/1973,A/SWINE/IOWA/1973,A/SWINE/MINNESOTA/37866/1999,A/SWINE/MINNESOTA/37866/1999,A/SWINE/IOWA/A01731653/2016,A/SWINE/IOWA/A01731653/2016,A/SWINE/ILLINOIS/00685/2005,A/SWINE/ILLINOIS/00685/2005,A/SWINE/ALBERTA/SD0125/2015,A/SWINE/ALBERTA/SD0125/2015,A/SWINE/ALBERTA/SD0014/2013,A/SWINE/ALBERTA/SD0154/2016,A/SWINE/ALBERTA/SD0154/2016,A/SWINE/MANITOBA/D0333/2014,A/SWINE/MINNESOTA/02053/2008,A/SWINE/MINNESOTA/02053/2008,A/SWINE/MANITOBA/D0392/2014,A/SWINE/MANITOBA/D0392/2014,A/SWINE/SASKATCHEWAN/SD0102/2015,A/SWINE/SASKATCHEWAN/SD0102/2015,A/SWINE/MANITOBA/SD0114/2015,A/SWINE/MANITOBA/SD0114/2015,A/SWINE/SASKATCHEWAN/SD0142/2016,A/SWINE/SASKATCHEWAN/SD0142/2016,A/SWINE/MINNESOTA/A01781045/2016,A/SWINE/MINNESOTA/A01781045/2016,A/SWINE/MINNESOTA/A01134353/2011,A/SWINE/MINNESOTA/A01134353/2011,A/SWINE/NEBRASKA/A01492366/2014,A/SWINE/NEBRASKA/A01492366/2014,A/SWINE/OKLAHOMA/A01409770/2014,A/SWINE/OKLAHOMA/A01409770/2014
1,A/SWINE/NORTH_CAROLINA/A02076926/2015,MERGE_V3_2012-18_REDUCED#DV_592C-V2#GAMMA,2015-07-02,MDCK2,80,<10,40,80,80,80,80,40,80,80,<10,40,<10,320,40,20,640,640,160,80,20,80,20,*,*,*,*,*,*,*,*,*,*,*,*,*,*,*,*,*,*,*,*,*,*,*,*,*,*,*,*,*,*,*,*,*,*,*,*,*,*,*,*,*,*,*,*,*,*
2,A/SWINE/NORTH_CAROLINA/A01841602/2015,MERGE_V3_2012-18_REDUCED#DV_592C-V2#GAMMA,2015-07-02,MDCK2,<10,<10,<10,10,40,40,10,40,80,40,<10,20,<10,160,20,<10,80,80,80,20,20,40,10,*,*,*,*,*,*,*,*,*,*,*,*,*,*,*,*,*,*,*,*,*,*,*,*,*,*,*,*,*,*,*,*,*,*,*,*,*,*,*,*,*,*,*,*,*,*
3,A/SWINE/OHIO/A01847657/2015,MERGE_V3_2012-18_REDUCED#DV_592C-V2#GAMMA,2015-07-02,MDCK2,<10,<10,<10,<10,40,20,<10,20,20,20,<10,10,<10,160,40,<10,80,80,40,20,20,40,<10,*,*,*,*,*,*,*,*,*,*,*,*,*,*,*,*,*,*,*,*,*,*,*,*,*,*,*,*,*,*,*,*,*,*,*,*,*,*,*,*,*,*,*,*,*,*
4,A/OHIO/9/2015,MERGE_V3_2012-18_REDUCED#DV_592C-V2#GAMMA-VARIANT DV_616C-V2#GAMMA-VARIANT DV_616E-V3#GAMMA-VARIANT,2015-07-02,MDCK2,20,<10,<10,20,40,40,<40,*,160,80,<10,10,<10,160,57,<20,127,160,80,80,127,160,10,<10,<10,<10,<10,<10,<10,<10,<10,<10,<10,160,160,<10,10,80,160,80,226,<10,<10,<10,<10,*,*,*,*,*,*,10,<10,*,*,*,*,*,*,*,*,*,*,*,*,*,*,*,*
5,A/SWINE/ILLINOIS/A01493472/2014,MERGE_V3_2012-18_REDUCED#DV_592C-V2#NPDM,2014-07-02,MDCK2,320,320,320,320,160,80,160,80,80,160,40,80,10,40,320,80,2560,5120,2560,2560,<10,<10,160,*,*,*,*,*,*,*,*,*,*,*,*,*,*,*,*,*,*,*,*,*,*,*,*,*,*,*,*,*,*,*,*,*,*,*,*,*,*,*,*,*,*,*,*,*,*
6,A/SWINE/MINNESOTA/A01567490/2014,MERGE_V3_2012-18_REDUCED#DV_592C-V2#GAMMA,2014-07-02,MDCK2,160,320,160,1280,320,1280,640,160,640,640,160,320,80,640,160,80,1280,1280,320,320,20,40,<10,*,*,*,*,*,*,*,*,*,*,*,*,*,*,*,*,*,*,*,*,*,*,*,*,*,*,*,*,*,*,*,*,*,*,*,*,*,*,*,*,*,*,*,*,*,*
7,A/CALIFORNIA/4/2009,MERGE_V3_2012-18_REDUCED#DV_592C-V2#NPDM DV_616C-V2#NPDM DV_616E-V3#NPDM,2009-07-02,MDCK4,160,160,160,80,160,80,101,*,20,80,40,40,10,40,226,113,3225,5120,2560,2560,<10,<10,80,<10,<10,<10,<10,<10,<10,<10,<10,<10,<10,2560,640,160,160,20,80,80,320,<10,<10,<10,<10,*,*,*,*,*,*,10,<10,*,*,*,*,*,*,*,*,*,*,*,*,*,*,*,*
8,A/MEXICO/4108/2009,MERGE_V3_2012-18_REDUCED#DV_592C-V2#NPDM,2009-07-02,MDCK3,160,320,160,160,160,160,160,80,160,320,40,80,20,80,640,80,5120,5120,2560,1280,10,<10,80,*,*,*,*,*,*,*,*,*,*,*,*,*,*,*,*,*,*,*,*,*,*,*,*,*,*,*,*,*,*,*,*,*,*,*,*,*,*,*,*,*,*,*,*,*,*
9,A/BRAZIL/11/1978,MERGE_V3_2012-18_REDUCED#DV_616C-V2#OTHER DV_616E-V3#OTHER DV_FLU22-V2#OTHER DV_FLU8-V3#OTHER,1978-07-02,MDCK2,*,*,*,*,*,*,<10,<10,*,*,*,*,*,*,<10,<10,<10,<10,*,*,<10,<10,*,202,320,24,17,<40,<40,<10,<10,<10,<10,*,*,<10,<10,<10,<10,<10,<10,<10,<10,<10,<10,<10,<10,<10,<10,<10,<10,<10,<10,<10,<10,<10,<10,<10,<10,<10,<10,*,*,<10,<10,<10,<10,20,20
10,A/NEW_CALEDONIA/20/1999,MERGE_V3_2012-18_REDUCED#DV_616C-V2#DELTA-LIKE DV_616E-V3#DELTA-LIKE DV_FLU8-V3#DELTA-LIKE,1999-07-02,E2,*,*,*,*,*,*,<10,<10,*,*,*,*,*,*,80,20,<20,<40,*,*,<20,<10,*,<10,<10,<20,<10,20,28,127,127,25,101,<10,<10,<10,<10,<10,<10,<10,<10,<10,<10,101,160,<10,<10,<10,<10,<10,<10,<10,<10,<10,<10,<10,<10,<10,<10,<10,<10,*,*,*,*,*,*,*,*
11,A/MICHIGAN/45/2015,MERGE_V3_2012-18_REDUCED#DV_616C-V2#NPDM,2015-07-02,MDCK3,*,*,*,*,*,*,*,*,*,*,*,*,*,*,80,40,*,*,*,*,<10,<10,*,<10,<10,<10,<10,<10,<10,<10,<10,<10,<10,320,80,160,160,*,*,40,160,<10,<10,*,*,*,*,*,*,*,*,*,*,*,*,*,*,*,*,*,*,*,*,*,*,*,*,*,*
12,A/SWINE/NORTH_CAROLINA/A01797415/2015,MERGE_V3_2012-18_REDUCED#DV_616C-V2#GAMMA,2015-07-02,MDCK3,*,*,*,*,*,*,640,640,*,*,*,*,*,*,160,40,640,640,*,*,40,40,*,<10,<10,10,20,10,<10,<10,<10,10,40,80,40,20,10,40,160,320,640,320,640,10,20,*,*,*,*,*,*,*,*,*,*,*,*,*,*,*,*,*,*,*,*,*,*,*,*
13,A/SWINE/IOWA/A01731653/2016,MERGE_V3_2012-18_REDUCED#DV_616C-V2#GAMMA,2016-07-02,MDCK3,*,*,*,*,*,*,80,80,*,*,*,*,*,*,80,20,160,320,*,*,<10,10,*,<10,<10,<10,10,<10,<10,<10,<10,<10,<10,80,20,40,40,20,80,160,320,1280,640,<10,<10,*,*,*,*,*,*,*,*,*,*,*,*,*,*,*,*,*,*,*,*,*,*,*,*
14,A/SWINE/MEXICO/AVX31/2012,MERGE_V3_2012-18_REDUCED#DV_616C-V2#NPDM,2012-07-02,MDCK2,*,*,*,*,*,*,160,160,*,*,*,*,*,*,640,320,2560,2560,*,*,20,10,*,10,10,<10,<10,<10,<10,<10,<10,<10,<10,1280,320,160,160,20,40,320,320,40,20,<10,<10,*,*,*,*,*,*,*,*,*,*,*,*,*,*,*,*,*,*,*,*,*,*,*,*
15,A/SWINE/MEXICO/AVX23/2012,MERGE_V3_2012-18_REDUCED#DV_616C-V2#GAMMA2-BETA-LIKE,2012-07-02,MDCK2,*,*,*,*,*,*,160,160,*,*,*,*,*,*,40,10,320,640,*,*,<10,<10,*,<10,<10,<10,<10,<10,<10,<10,<10,<10,<10,160,160,160,40,20,10,320,640,80,40,<10,<10,*,*,*,*,*,*,*,*,*,*,*,*,*,*,*,*,*,*,*,*,*,*,*,*
16,A/SWINE/MEXICO/AVX44/2012,MERGE_V3_2012-18_REDUCED#DV_616C-V2#NPDM,2012-07-02,MDCK2,*,*,*,*,*,*,<10,<10,*,*,*,*,*,*,640,80,80,160,*,*,<10,<10,*,<10,<10,<10,<10,<10,<10,<10,<10,<10,<10,160,80,40,20,40,40,10,40,<10,<10,<10,<10,*,*,*,*,*,*,*,*,*,*,*,*,*,*,*,*,*,*,*,*,*,*,*,*
17,A/SWINE/MEXICO/AVX18/2012,MERGE_V3_2012-18_REDUCED#DV_616C-V2#DELTA-LIKE,2012-07-02,MDCK2,*,*,*,*,*,*,<10,<10,*,*,*,*,*,*,<10,<10,<10,<10,*,*,20,<10,*,10,<10,20,10,80,80,320,320,80,320,10,<10,<10,<10,<10,10,<10,<10,<10,<10,320,320,*,*,*,*,*,*,*,*,*,*,*,*,*,*,*,*,*,*,*,*,*,*,*,*
18,A/SWINE/MEXICO/AVX61/2013,MERGE_V3_2012-18_REDUCED#DV_616C-V2#DELTA-LIKE,2013-07-02,MDCK2,*,*,*,*,*,*,<10,<10,*,*,*,*,*,*,10,10,<10,<10,*,*,10,10,*,10,10,10,10,10,10,20,20,10,20,20,10,10,10,10,<10,<10,<10,20,20,10,10,*,*,*,*,*,*,*,*,*,*,*,*,*,*,*,*,*,*,*,*,*,*,*,*
19,A/SOLOMON_ISLANDS/3/2006,MERGE_V3_2012-18_REDUCED#DV_616E-V3#DELTA-LIKE DV_FLU8-V3#DELTA-LIKE,2006-07-02,E2,*,*,*,*,*,*,<10,<10,*,*,*,*,*,*,*,*,<10,<10,*,*,<10,<10,*,<10,<10,*,<20,14,80,<40,*,453,640,*,*,<10,<10,*,*,<10,<10,*,*,113,80,<10,<10,<10,<10,<10,<10,<10,<10,<10,<10,<10,<10,<10,<10,<10,<10,*,*,*,*,*,*,*,*
20,A/SWINE/ALBERTA/SD0125/2015,MERGE_V3_2012-18_REDUCED#DV_FLU8-V3#ALPHA2,2015-07-02,MDCK2,*,*,*,*,*,*,*,*,*,*,*,*,*,*,*,*,160,320,*,*,*,*,*,*,*,<10,<10,<10,*,<10,<10,<10,<10,*,*,320,80,*,*,*,*,*,*,<10,<10,640,160,10,80,160,<10,40,80,<10,<10,<10,<10,<10,<10,<10,<10,<10,<10,*,*,*,*,*,*
21,A/SWINE/SASKATCHEWAN/SD0094/2015,MERGE_V3_2012-18_REDUCED#DV_FLU8-V3#ALPHA2,2015-07-02,MDCK2,*,*,*,*,*,*,*,*,*,*,*,*,*,*,*,*,160,160,*,*,*,*,*,*,*,<10,10,10,*,<10,<10,<10,10,*,*,160,80,*,*,*,*,*,*,<10,<10,80,20,20,40,160,<10,160,160,<10,<10,<10,<10,<10,<10,<10,<10,<10,<10,*,*,*,*,*,*
22,A/SWINE/ALBERTA/SD0014/2013,MERGE_V3_2012-18_REDUCED#DV_FLU8-V3#ALPHA2,2013-07-02,MDCK2,*,*,*,*,*,*,*,*,*,*,*,*,*,*,*,*,80,160,*,*,*,*,*,*,*,<10,<10,<10,*,<10,<10,<10,<10,*,*,40,20,*,*,*,*,*,*,<10,<10,40,10,320,20,80,<10,20,40,<10,<10,<10,<10,<10,<10,<10,10,<10,<10,*,*,*,*,*,*
23,A/SWINE/ALBERTA/SD0154/2016,MERGE_V3_2012-18_REDUCED#DV_FLU8-V3#ALPHA2,2016-07-02,MDCK2,*,*,*,*,*,*,*,*,*,*,*,*,*,*,*,*,320,320,*,*,*,*,*,*,*,<10,<10,<10,*,<10,<10,<10,<10,*,*,160,160,*,*,*,*,*,*,<10,<10,80,20,10,160,640,<10,40,40,<10,<10,<10,<10,<10,<10,<10,<10,<10,<10,*,*,*,*,*,*
24,A/SWINE/MANITOBA/D0333/2014,MERGE_V3_2012-18_REDUCED#DV_FLU8-V3#ALPHA3A,2014-07-02,MDCK2,*,*,*,*,*,*,*,*,*,*,*,*,*,*,*,*,40,80,*,*,*,*,*,*,*,<10,<10,<10,*,<10,<10,<10,<10,*,*,<10,10,*,*,*,*,*,*,<10,<10,<10,<10,<10,<10,<10,80,<10,<10,<10,10,<10,<10,<10,<10,20,<10,<10,<10,*,*,*,*,*,*
25,A/SWINE/MANITOBA/D0392/2014,MERGE_V3_2012-18_REDUCED#DV_FLU8-V3#ALPHA3B-2,2014-07-02,MDCK2,*,*,*,*,*,*,*,*,*,*,*,*,*,*,*,*,<10,<10,*,*,*,*,*,*,*,<10,<10,<10,*,<10,<10,<10,<10,*,*,<10,<10,*,*,*,*,*,*,<10,<10,<10,<10,<10,<10,<10,<10,<10,<10,80,40,<10,<10,<10,<10,20,<10,<10,10,*,*,*,*,*,*
26,A/SWINE/SASKATCHEWAN/SD0102/2015,MERGE_V3_2012-18_REDUCED#DV_FLU8-V3#ALPHA3B-2,2015-07-02,MDCK2,*,*,*,*,*,*,*,*,*,*,*,*,*,*,*,*,<10,<10,*,*,*,*,*,*,*,<10,<10,<10,*,<10,<10,<10,<10,*,*,<10,<10,*,*,*,*,*,*,<10,<10,<10,<10,<10,<10,<10,<10,<10,<10,160,80,320,320,40,20,320,160,20,80,*,*,*,*,*,*
27,A/SWINE/MANITOBA/SD0114/2015,MERGE_V3_2012-18_REDUCED#DV_FLU8-V3#ALPHA3B-2,2015-07-02,MDCK2,*,*,*,*,*,*,*,*,*,*,*,*,*,*,*,*,<10,<10,*,*,*,*,*,*,*,<10,<10,<10,*,<10,<10,<10,<10,*,*,<10,<10,*,*,*,*,*,*,<10,<10,<10,<10,<10,<10,<10,10,<10,<10,320,160,160,160,640,160,80,320,40,80,*,*,*,*,*,*
28,A/SWINE/ALBERTA/SD0191/2016,MERGE_V3_2012-18_REDUCED#DV_FLU8-V3#ALPHA3B-2,2016-07-02,MDCK2,*,*,*,*,*,*,*,*,*,*,*,*,*,*,*,*,<10,<10,*,*,*,*,*,*,*,<10,<10,<10,*,<10,<10,<10,<10,*,*,<10,<10,*,*,*,*,*,*,20,80,<10,<10,<10,<10,<10,20,<10,<10,320,640,640,640,80,40,320,320,40,160,*,*,*,*,*,*
29,A/SWINE/SASKATCHEWAN/SD0200/2016,MERGE_V3_2012-18_REDUCED#DV_FLU8-V3#ALPHA3B-2,2016-07-02,MDCK2,*,*,*,*,*,*,*,*,*,*,*,*,*,*,*,*,<10,<10,*,*,*,*,*,*,*,10,<10,<10,*,20,40,<10,<10,*,*,<10,<10,*,*,*,*,*,*,160,320,<10,<10,<10,<10,<10,10,<10,<10,640,640,320,640,80,160,1280,640,40,160,*,*,*,*,*,*
30,A/SWINE/MANITOBA/D0348/2014,MERGE_V3_2012-18_REDUCED#DV_FLU8-V3#ALPHA3B-2,2014-07-02,MDCK2,*,*,*,*,*,*,*,*,*,*,*,*,*,*,*,*,<10,<10,*,*,*,*,*,*,*,10,10,10,*,80,160,<10,<10,*,*,<10,<10,*,*,*,*,*,*,<10,<10,<10,<10,<10,<10,<10,10,<10,<10,320,320,320,320,160,80,640,160,80,160,*,*,*,*,*,*
31,A/MINNESOTA/45/2016,MERGE_V3_2012-18_REDUCED#DV_FLU8-V3#ALPHA3B-2-VARIANT,2016-07-02,MDCK3,*,*,*,*,*,*,*,*,*,*,*,*,*,*,*,*,<10,<10,*,*,*,*,*,*,*,<10,<10,<10,*,<10,<10,<10,<10,*,*,<10,<10,*,*,*,*,*,*,<10,<10,<10,<10,<10,<10,<10,<10,<10,<10,40,40,40,40,10,10,40,10,80,160,*,*,*,*,*,*
32,A/SWINE/MINNESOTA/A01781045/2016,MERGE_V3_2012-18_REDUCED#DV_FLU8-V3#ALPHA3B-2,2016-07-02,MDCK2,*,*,*,*,*,*,*,*,*,*,*,*,*,*,*,*,*,*,*,*,*,*,*,*,*,*,*,*,*,*,*,*,*,*,*,*,*,*,*,*,*,*,*,*,*,<10,<10,<10,<10,<10,<10,<10,<10,40,40,20,20,40,20,10,40,160,320,*,*,*,*,*,*
33,A/SINGAPORE/1986,MERGE_V3_2012-18_REDUCED#DV_616E-V3#DELTA-LIKE,1986-07-02,MDCK2,*,*,*,*,*,*,<10,<10,*,*,*,*,*,*,*,*,<10,10,*,*,10,10,*,10,10,40,40,10,<10,10,20,20,40,*,*,*,*,*,*,<10,20,*,*,160,80,*,*,*,*,*,*,10,10,*,*,*,*,*,*,*,*,*,*,*,*,*,*,*,*
34,A/TAIWAN/1/1986,MERGE_V3_2012-18_REDUCED#DV_616E-V3#DELTA-LIKE,1986-07-02,MDCK2,*,*,*,*,*,*,<10,<10,*,*,*,*,*,*,*,*,<10,20,*,*,<10,<10,*,40,10,320,320,<10,<10,<10,<10,<10,<10,*,*,*,*,*,*,<10,<10,*,*,<10,10,*,*,*,*,*,*,<10,<10,*,*,*,*,*,*,*,*,*,*,*,*,*,*,*,*
35,A/TEXAS/36/1991,MERGE_V3_2012-18_REDUCED#DV_616E-V3#DELTA-LIKE,1991-07-02,MDCK2,*,*,*,*,*,*,<10,<10,*,*,*,*,*,*,*,*,10,40,*,*,<10,<10,*,10,10,320,320,20,20,<10,<10,10,10,*,*,*,*,*,*,<10,<10,*,*,<10,20,*,*,*,*,*,*,<10,<10,*,*,*,*,*,*,*,*,*,*,*,*,*,*,*,*
36,A/BEIJING/262/1995,MERGE_V3_2012-18_REDUCED#DV_616E-V3#DELTA-LIKE,1995-07-02,MDCK2,*,*,*,*,*,*,<10,<10,*,*,*,*,*,*,*,*,<10,<10,*,*,<10,<10,*,<10,<10,10,10,160,160,80,80,10,20,*,*,*,*,*,*,<10,<10,*,*,80,80,*,*,*,*,*,*,<10,<10,*,*,*,*,*,*,*,*,*,*,*,*,*,*,*,*
37,A/MICHIGAN/2/2003,MERGE_V3_2012-18_REDUCED#DV_616E-V3#DELTA-LIKE DV_FLU22-V2#DELTA-LIKE,2003-07-02,MDCK2,*,*,*,*,*,*,<10,<10,*,*,*,*,*,*,*,*,<10,<10,*,*,<10,<10,*,*,*,20,20,28,40,80,80,40,80,*,*,*,*,*,*,<10,<10,*,*,160,226,*,*,*,*,*,*,<10,<10,*,*,*,*,*,*,*,*,*,*,40,40,80,160,20,10
38,A/BRISBANE/59/2007,MERGE_V3_2012-18_REDUCED#DV_616E-V3#DELTA-LIKE,2007-07-02,MDCK3,*,*,*,*,*,*,10,20,*,*,*,*,*,*,*,*,<10,<10,*,*,10,10,*,<10,<10,<10,<10,<10,<10,<10,<10,80,80,*,*,*,*,*,*,<10,<10,*,*,<10,<10,*,*,*,*,*,*,<10,<10,*,*,*,*,*,*,*,*,*,*,*,*,*,*,*,*
39,A/SWINE/NORTH_CAROLINA/A01730369/2016,MERGE_V3_2012-18_REDUCED#DV_616E-V3#GAMMA,2016-07-02,MDCK3,*,*,*,*,*,*,<10,<10,*,*,*,*,*,*,*,*,160,320,*,*,<10,<10,*,<10,<10,<10,<10,<10,<10,<10,<10,<10,<10,*,*,*,*,*,*,20,<10,*,*,80,160,*,*,*,*,*,*,160,80,*,*,*,*,*,*,*,*,*,*,*,*,*,*,*,*
40,A/SOLOMON_ISLANDS/3/2006,MERGE_V3_2012-18_REDUCED#DV_FLU22-V2#DELTA-LIKE,2006-07-02,E2/M1,*,*,*,*,*,*,*,*,*,*,*,*,*,*,*,*,*,*,*,*,*,*,*,20,10,40,20,10,40,*,*,320,320,*,*,*,*,*,*,*,*,*,*,40,40,*,*,*,*,*,*,*,*,*,*,*,*,*,*,*,*,*,*,20,40,<10,<10,<10,<10
41,A/SWINE/MINNESOTA/A01134353/2011,MERGE_V3_2012-18_REDUCED#DV_FLU22-V2#DELTA1A,2011-07-02,MDCK3,*,*,*,*,*,*,*,*,*,*,*,*,*,*,*,*,*,*,*,*,*,*,*,10,<10,<10,<10,<10,<10,*,*,<10,<10,*,*,*,*,*,*,*,*,*,*,10,10,*,*,*,*,*,*,*,*,*,*,*,*,*,*,*,*,*,*,1280,640,40,40,<10,<10
42,A/SWINE/NEBRASKA/A01492366/2014,MERGE_V3_2012-18_REDUCED#DV_FLU22-V2#DELTA1A,2014-07-02,MDCK3,*,*,*,*,*,*,*,*,*,*,*,*,*,*,*,*,*,*,*,*,*,*,*,40,40,40,20,20,40,*,*,<10,20,*,*,*,*,*,*,*,*,*,*,160,80,*,*,*,*,*,*,*,*,*,*,*,*,*,*,*,*,*,*,40,80,320,160,40,10
43,A/SWINE/ILLINOIS/A01644323/2018,MERGE_V3_2012-18_REDUCED#DV_FLU22-V2#DELTA1,2018-07-02,MDCK3,*,*,*,*,*,*,*,*,*,*,*,*,*,*,*,*,*,*,*,*,*,*,*,20,10,10,10,10,10,*,*,<10,10,*,*,*,*,*,*,*,*,*,*,40,10,*,*,*,*,*,*,*,*,*,*,*,*,*,*,*,*,*,*,1280,320,320,160,20,<10
44,A/SWINE/OKLAHOMA/A01409770/2014,MERGE_V3_2012-18_REDUCED#DV_FLU22-V2#DELTA2,2014-07-02,MDCK3,*,*,*,*,*,*,*,*,*,*,*,*,*,*,*,*,*,*,*,*,*,*,*,20,20,10,10,20,<10,*,*,10,10,*,*,*,*,*,*,*,*,*,*,20,10,*,*,*,*,*,*,*,*,*,*,*,*,*,*,*,*,*,*,10,10,40,40,80,80
45,A/SWINE/ILLINOIS/A02139356/2018,MERGE_V3_2012-18_REDUCED#DV_FLU22-V2#DELTA2,2018-07-02,MDCK3,*,*,*,*,*,*,*,*,*,*,*,*,*,*,*,*,*,*,*,*,*,*,*,<10,<10,<10,<10,<10,<10,*,*,<10,<10,*,*,*,*,*,*,*,*,*,*,10,<10,*,*,*,*,*,*,*,*,*,*,*,*,*,*,*,*,*,*,<10,<10,10,20,20,20
46,A/SWINE/MICHIGAN/A01104117/2018,MERGE_V3_2012-18_REDUCED#DV_FLU22-V2#DELTA2,2018-07-02,MDCK2,*,*,*,*,*,*,*,*,*,*,*,*,*,*,*,*,*,*,*,*,*,*,*,10,10,20,20,20,10,*,*,20,20,*,*,*,*,*,*,*,*,*,*,80,80,*,*,*,*,*,*,*,*,*,*,*,*,*,*,*,*,*,*,20,20,40,80,80,80
