strainpairs,hostpairs,linpairs,yeardiff,agdistances,mldistances,nuc_distances,aa_distances
A/MINNESOTA/45/2016:A/SWINE/ILLINOIS/A01644323/2018,swine:hu-variant,1A:1B,2,6.332600914,0.215696,0.462486720991247,0.462486720991247
A/MINNESOTA/45/2016:A/SWINE/ILLINOIS/A02139356/2018,swine:hu-variant,1A:1B,2,1.473556829,0.2225786,0.464458954761489,0.464458954761489
A/MINNESOTA/45/2016:A/SWINE/MICHIGAN/A01104117/2018,swine:hu-variant,1A:1B,2,3.315360828,0.2287274,0.468378509101276,0.468378509101276
A/MINNESOTA/45/2016:A/SWINE/MINNESOTA/A01134353/2011,swine:hu-variant,1A:1B,5,8.148896423,0.2116077,0.456518900373837,0.456518900373837
A/MINNESOTA/45/2016:A/SWINE/MINNESOTA/A01781045/2016,swine:hu-variant,1A:1A,0,1.786367617,0.0101118,0.128270737442704,0.128270737442704
A/MINNESOTA/45/2016:A/SWINE/NEBRASKA/A01492366/2014,swine:hu-variant,1A:1B,2,4.826475991,0.2159834,0.456518900373837,0.456518900373837
A/MINNESOTA/45/2016:A/SWINE/NORTH_CAROLINA/A01730369/2016,swine:hu-variant,1A:1A,0,7.543013906,0.1120404,0.377964473009227,0.377964473009227
A/MINNESOTA/45/2016:A/SWINE/OKLAHOMA/A01409770/2014,swine:hu-variant,1A:1B,2,2.509390584,0.2165262,0.462486720991247,0.462486720991247
A/OHIO/9/2015:A/MINNESOTA/45/2016,hu-variant:hu-variant,1A:1A,1,10.62485893,0.1171295,0.375794324126644,0.375794324126644
A/OHIO/9/2015:A/SWINE/ALBERTA/SD0014/2013,swine:hu-variant,1A:1A,2,6.212831903,0.1180395,0.369975849586924,0.369975849586924
A/OHIO/9/2015:A/SWINE/ALBERTA/SD0125/2015,swine:hu-variant,1A:1A,0,5.430179045,0.1204733,0.375079205830432,0.375079205830432
A/OHIO/9/2015:A/SWINE/ALBERTA/SD0154/2016,swine:hu-variant,1A:1A,1,3.837159491,0.1218204,0.375079205830432,0.375079205830432
A/OHIO/9/2015:A/SWINE/ALBERTA/SD0191/2016,swine:hu-variant,1A:1A,1,8.399402513,0.1272697,0.390732332582282,0.390732332582282
A/OHIO/9/2015:A/SWINE/ILLINOIS/A01493472/2014,swine:hu-variant,1A:1A,1,4.31988461,0.0666865,0.311381076664821,0.311381076664821
A/OHIO/9/2015:A/SWINE/ILLINOIS/A01644323/2018,swine:hu-variant,1A:1B,3,4.924358438,0.2412513,0.484030695602783,0.484030695602783
A/OHIO/9/2015:A/SWINE/ILLINOIS/A02139356/2018,swine:hu-variant,1A:1B,3,9.794273453,0.2318558,0.472077475481666,0.472077475481666
A/OHIO/9/2015:A/SWINE/IOWA/A01731653/2016,swine:hu-variant,1A:1A,1,4.673884789,0.0441105,0.250713268211203,0.250713268211203
A/OHIO/9/2015:A/SWINE/MANITOBA/D0333/2014,swine:hu-variant,1A:1A,1,4.17259001,0.1162915,0.364801107329385,0.364801107329385
A/OHIO/9/2015:A/SWINE/MANITOBA/D0348/2014,swine:hu-variant,1A:1A,1,8.152543043,0.1134352,0.370681237929129,0.370681237929129
A/OHIO/9/2015:A/SWINE/MANITOBA/D0392/2014,swine:hu-variant,1A:1A,1,11.57945215,0.1142305,0.375794324126644,0.375794324126644
A/OHIO/9/2015:A/SWINE/MANITOBA/SD0114/2015,swine:hu-variant,1A:1A,0,8.87174344,0.1158975,0.368098061942883,0.368098061942883
A/OHIO/9/2015:A/SWINE/MEXICO/AVX18/2012,swine:hu-variant,1A:1B,3,5.338118368,0.2298436,0.478091443733757,0.478091443733757
A/OHIO/9/2015:A/SWINE/MEXICO/AVX23/2012,swine:hu-variant,1A:1A,3,4.862130705,0.0838737,0.329188424783447,0.329188424783447
A/OHIO/9/2015:A/SWINE/MEXICO/AVX31/2012,swine:hu-variant,1A:1A,3,3.59853704,0.0636349,0.323361620546696,0.323361620546696
A/OHIO/9/2015:A/SWINE/MEXICO/AVX44/2012,swine:hu-variant,1A:1A,3,3.717084102,0.0685972,0.32628802970228,0.32628802970228
A/OHIO/9/2015:A/SWINE/MEXICO/AVX61/2013,swine:hu-variant,1A:1B,2,5.419766976,0.2331879,0.465985898008574,0.465985898008574
A/OHIO/9/2015:A/SWINE/MICHIGAN/A01104117/2018,swine:hu-variant,1A:1B,3,7.310502216,0.2328649,0.470055721114403,0.470055721114403
A/OHIO/9/2015:A/SWINE/MINNESOTA/A01134353/2011,swine:hu-variant,1A:1B,4,3.823089105,0.2373974,0.474090608177282,0.474090608177282
A/OHIO/9/2015:A/SWINE/MINNESOTA/A01567490/2014,swine:hu-variant,1A:1A,1,3.678067667,0.0366282,0.238818383991516,0.238818383991516
A/OHIO/9/2015:A/SWINE/MINNESOTA/A01781045/2016,swine:hu-variant,1A:1A,1,9.491278241,0.1167561,0.368098061942883,0.368098061942883
A/OHIO/9/2015:A/SWINE/NEBRASKA/A01492366/2014,swine:hu-variant,1A:1B,1,5.879632069,0.239831,0.476095228569523,0.476095228569523
A/OHIO/9/2015:A/SWINE/NORTH_CAROLINA/A01730369/2016,swine:hu-variant,1A:1A,1,4.230927621,0.0390967,0.235027860557201,0.235027860557201
A/OHIO/9/2015:A/SWINE/NORTH_CAROLINA/A01797415/2015,swine:hu-variant,1A:1A,0,3.257282847,0.0403894,0.238818383991516,0.238818383991516
A/OHIO/9/2015:A/SWINE/OKLAHOMA/A01409770/2014,swine:hu-variant,1A:1B,1,8.266852645,0.2330186,0.476095228569523,0.476095228569523
A/OHIO/9/2015:A/SWINE/SASKATCHEWAN/SD0094/2015,swine:hu-variant,1A:1A,0,4.287853786,0.1128963,0.362186011911469,0.362186011911469
A/OHIO/9/2015:A/SWINE/SASKATCHEWAN/SD0102/2015,swine:hu-variant,1A:1A,0,10.44150619,0.1152617,0.378324954228989,0.378324954228989
A/OHIO/9/2015:A/SWINE/SASKATCHEWAN/SD0200/2016,swine:hu-variant,1A:1A,1,7.856417536,0.1201068,0.385817264818542,0.385817264818542
A/SWINE/ALBERTA/SD0014/2013:A/MINNESOTA/45/2016,swine:hu-variant,1A:1A,3,9.376427484,0.1047802,0.370285723958484,0.370285723958484
A/SWINE/ALBERTA/SD0014/2013:A/SWINE/ALBERTA/SD0154/2016,swine:swine,1A:1A,3,3.298068025,0.0452786,0.245171959280596,0.245171959280596
A/SWINE/ALBERTA/SD0014/2013:A/SWINE/ALBERTA/SD0191/2016,swine:swine,1A:1A,3,7.269764027,0.11229,0.37519038433475,0.37519038433475
A/SWINE/ALBERTA/SD0014/2013:A/SWINE/ILLINOIS/A01644323/2018,swine:swine,1A:1B,5,4.021232979,0.2218025,0.477600449938044,0.477600449938044
A/SWINE/ALBERTA/SD0014/2013:A/SWINE/ILLINOIS/A02139356/2018,swine:swine,1A:1B,5,8.294411059,0.215479,0.469896711744219,0.469896711744219
A/SWINE/ALBERTA/SD0014/2013:A/SWINE/MANITOBA/D0333/2014,swine:swine,1A:1A,1,4.972873595,0.1098032,0.351939719958571,0.351939719958571
A/SWINE/ALBERTA/SD0014/2013:A/SWINE/MANITOBA/D0348/2014,swine:swine,1A:1A,1,7.264439325,0.1014216,0.360276148402668,0.360276148402668
A/SWINE/ALBERTA/SD0014/2013:A/SWINE/MANITOBA/D0392/2014,swine:swine,1A:1A,1,12.12587997,0.1036404,0.365315220375034,0.365315220375034
A/SWINE/ALBERTA/SD0014/2013:A/SWINE/MANITOBA/SD0114/2015,swine:swine,1A:1A,2,6.450923456,0.1040798,0.35772999530786,0.35772999530786
A/SWINE/ALBERTA/SD0014/2013:A/SWINE/MICHIGAN/A01104117/2018,swine:swine,1A:1B,5,6.950520993,0.2160188,0.469896711744219,0.469896711744219
A/SWINE/ALBERTA/SD0014/2013:A/SWINE/MINNESOTA/A01134353/2011,swine:swine,1A:1B,2,3.032003241,0.2123165,0.462064551372464,0.462064551372464
A/SWINE/ALBERTA/SD0014/2013:A/SWINE/MINNESOTA/A01781045/2016,swine:swine,1A:1A,3,7.72732499,0.1027526,0.35772999530786,0.35772999530786
A/SWINE/ALBERTA/SD0014/2013:A/SWINE/NEBRASKA/A01492366/2014,swine:swine,1A:1B,1,5.586981867,0.2194269,0.469896711744219,0.469896711744219
A/SWINE/ALBERTA/SD0014/2013:A/SWINE/NORTH_CAROLINA/A01730369/2016,swine:swine,1A:1A,3,3.197135606,0.1063682,0.354841385352842,0.354841385352842
A/SWINE/ALBERTA/SD0014/2013:A/SWINE/OKLAHOMA/A01409770/2014,swine:swine,1A:1B,1,7.049617127,0.2146041,0.464034984837657,0.464034984837657
A/SWINE/ALBERTA/SD0014/2013:A/SWINE/SASKATCHEWAN/SD0102/2015,swine:swine,1A:1A,2,9.111776963,0.1047396,0.367808868575187,0.367808868575187
A/SWINE/ALBERTA/SD0014/2013:A/SWINE/SASKATCHEWAN/SD0200/2016,swine:swine,1A:1A,3,7.153765187,0.1127552,0.380031750814398,0.380031750814398
A/SWINE/ALBERTA/SD0125/2015:A/MINNESOTA/45/2016,swine:hu-variant,1A:1A,1,9.511083423,0.1025435,0.360276148402668,0.360276148402668
A/SWINE/ALBERTA/SD0125/2015:A/SWINE/ALBERTA/SD0014/2013,swine:swine,1A:1A,2,3.277972438,0.045635,0.245171959280596,0.245171959280596
A/SWINE/ALBERTA/SD0125/2015:A/SWINE/ALBERTA/SD0154/2016,swine:swine,1A:1A,1,1.678549875,0.0478371,0.233762291106092,0.233762291106092
A/SWINE/ALBERTA/SD0125/2015:A/SWINE/ALBERTA/SD0191/2016,swine:swine,1A:1A,1,8.420928248,0.1105587,0.370285723958484,0.370285723958484
A/SWINE/ALBERTA/SD0125/2015:A/SWINE/ILLINOIS/A01644323/2018,swine:swine,1A:1B,3,4.500969857,0.2223687,0.465997086548331,0.465997086548331
A/SWINE/ALBERTA/SD0125/2015:A/SWINE/ILLINOIS/A02139356/2018,swine:swine,1A:1B,3,8.821166814,0.2197949,0.469896711744219,0.469896711744219
A/SWINE/ALBERTA/SD0125/2015:A/SWINE/MANITOBA/D0333/2014,swine:swine,1A:1A,1,6.485689958,0.1125016,0.362142984170074,0.362142984170074
A/SWINE/ALBERTA/SD0125/2015:A/SWINE/MANITOBA/D0348/2014,swine:swine,1A:1A,1,8.114749656,0.0983774,0.352582532768092,0.352582532768092
A/SWINE/ALBERTA/SD0125/2015:A/SWINE/MANITOBA/D0392/2014,swine:swine,1A:1A,1,12.06566374,0.1007982,0.355165589518554,0.355165589518554
A/SWINE/ALBERTA/SD0125/2015:A/SWINE/MANITOBA/SD0114/2015,swine:swine,1A:1A,0,7.905042922,0.0992468,0.344717248942469,0.344717248942469
A/SWINE/ALBERTA/SD0125/2015:A/SWINE/MICHIGAN/A01104117/2018,swine:swine,1A:1B,3,6.899375368,0.2188922,0.465997086548331,0.465997086548331
A/SWINE/ALBERTA/SD0125/2015:A/SWINE/MINNESOTA/A01134353/2011,swine:swine,1A:1B,4,3.710850091,0.2141275,0.452083578604439,0.452083578604439
A/SWINE/ALBERTA/SD0125/2015:A/SWINE/MINNESOTA/A01781045/2016,swine:swine,1A:1A,1,7.822588229,0.0979227,0.344717248942469,0.344717248942469
A/SWINE/ALBERTA/SD0125/2015:A/SWINE/NEBRASKA/A01492366/2014,swine:swine,1A:1B,1,5.453193881,0.22319,0.460085679104217,0.460085679104217
A/SWINE/ALBERTA/SD0125/2015:A/SWINE/NORTH_CAROLINA/A01730369/2016,swine:swine,1A:1A,1,3.919042147,0.1072442,0.357403450287448,0.357403450287448
A/SWINE/ALBERTA/SD0125/2015:A/SWINE/OKLAHOMA/A01409770/2014,swine:swine,1A:1B,1,7.127286672,0.2177762,0.464034984837657,0.464034984837657
A/SWINE/ALBERTA/SD0125/2015:A/SWINE/SASKATCHEWAN/SD0094/2015,swine:swine,1A:1A,0,1.944091044,0.0097373,0.120714328056691,0.120714328056691
A/SWINE/ALBERTA/SD0125/2015:A/SWINE/SASKATCHEWAN/SD0102/2015,swine:swine,1A:1A,0,10.35135996,0.1006454,0.35772999530786,0.35772999530786
A/SWINE/ALBERTA/SD0125/2015:A/SWINE/SASKATCHEWAN/SD0200/2016,swine:swine,1A:1A,1,8.08468044,0.1105976,0.370285723958484,0.370285723958484
A/SWINE/ALBERTA/SD0154/2016:A/MINNESOTA/45/2016,swine:hu-variant,1A:1A,0,9.758043149,0.1099842,0.360276148402668,0.360276148402668
A/SWINE/ALBERTA/SD0154/2016:A/SWINE/ALBERTA/SD0191/2016,swine:swine,1A:1A,0,8.115643257,0.1176698,0.370285723958484,0.370285723958484
A/SWINE/ALBERTA/SD0154/2016:A/SWINE/ILLINOIS/A01644323/2018,swine:swine,1A:1B,2,3.984048404,0.2290834,0.467950961308748,0.467950961308748
A/SWINE/ALBERTA/SD0154/2016:A/SWINE/ILLINOIS/A02139356/2018,swine:swine,1A:1B,2,8.946129432,0.2289137,0.471834438364006,0.471834438364006
A/SWINE/ALBERTA/SD0154/2016:A/SWINE/MANITOBA/D0333/2014,swine:swine,1A:1A,2,5.149374625,0.1134526,0.369610635477286,0.369610635477286
A/SWINE/ALBERTA/SD0154/2016:A/SWINE/MANITOBA/D0348/2014,swine:swine,1A:1A,2,7.852200199,0.1064457,0.349980412092253,0.349980412092253
A/SWINE/ALBERTA/SD0154/2016:A/SWINE/MANITOBA/D0392/2014,swine:swine,1A:1A,2,11.91478045,0.1050584,0.355165589518554,0.355165589518554
A/SWINE/ALBERTA/SD0154/2016:A/SWINE/MANITOBA/SD0114/2015,swine:swine,1A:1A,1,7.857402586,0.1091228,0.352582532768092,0.352582532768092
A/SWINE/ALBERTA/SD0154/2016:A/SWINE/MICHIGAN/A01104117/2018,swine:swine,1A:1B,2,6.791101452,0.2270434,0.471834438364006,0.471834438364006
A/SWINE/ALBERTA/SD0154/2016:A/SWINE/MINNESOTA/A01134353/2011,swine:swine,1A:1B,5,2.71281502,0.2277871,0.462064551372464,0.462064551372464
A/SWINE/ALBERTA/SD0154/2016:A/SWINE/MINNESOTA/A01781045/2016,swine:swine,1A:1A,0,8.184988226,0.1077903,0.352582532768092,0.352582532768092
A/SWINE/ALBERTA/SD0154/2016:A/SWINE/NEBRASKA/A01492366/2014,swine:swine,1A:1B,2,5.20602086,0.2275829,0.460085679104217,0.460085679104217
A/SWINE/ALBERTA/SD0154/2016:A/SWINE/NORTH_CAROLINA/A01730369/2016,swine:swine,1A:1A,0,3.119854438,0.1110847,0.359947279189079,0.359947279189079
A/SWINE/ALBERTA/SD0154/2016:A/SWINE/OKLAHOMA/A01409770/2014,swine:swine,1A:1B,2,7.268794738,0.2300131,0.465997086548331,0.465997086548331
A/SWINE/ALBERTA/SD0154/2016:A/SWINE/SASKATCHEWAN/SD0102/2015,swine:swine,1A:1A,1,10.15982395,0.1085394,0.35772999530786,0.35772999530786
A/SWINE/ALBERTA/SD0154/2016:A/SWINE/SASKATCHEWAN/SD0200/2016,swine:swine,1A:1A,0,7.722335314,0.1157897,0.370285723958484,0.370285723958484
A/SWINE/ALBERTA/SD0191/2016:A/MINNESOTA/45/2016,swine:hu-variant,1A:1A,0,4.015548176,0.0155203,0.165596809973779,0.165596809973779
A/SWINE/ALBERTA/SD0191/2016:A/SWINE/ILLINOIS/A01644323/2018,swine:swine,1A:1B,2,4.142310435,0.2198673,0.472265534331834,0.472265534331834
A/SWINE/ALBERTA/SD0191/2016:A/SWINE/ILLINOIS/A02139356/2018,swine:swine,1A:1B,2,2.629894924,0.2197905,0.472265534331834,0.472265534331834
A/SWINE/ALBERTA/SD0191/2016:A/SWINE/MANITOBA/D0348/2014,swine:swine,1A:1A,2,0.768664401,0.0163011,0.159981717419811,0.159981717419811
A/SWINE/ALBERTA/SD0191/2016:A/SWINE/MICHIGAN/A01104117/2018,swine:swine,1A:1B,2,2.91534251,0.2250557,0.476120827151609,0.476120827151609
A/SWINE/ALBERTA/SD0191/2016:A/SWINE/MINNESOTA/A01134353/2011,swine:swine,1A:1B,5,5.722396722,0.2175553,0.466422849164827,0.466422849164827
A/SWINE/ALBERTA/SD0191/2016:A/SWINE/MINNESOTA/A01781045/2016,swine:swine,1A:1A,0,3.719031636,0.0143731,0.154162240330416,0.154162240330416
A/SWINE/ALBERTA/SD0191/2016:A/SWINE/NEBRASKA/A01492366/2014,swine:swine,1A:1B,2,3.569428544,0.2201199,0.464458954761489,0.464458954761489
A/SWINE/ALBERTA/SD0191/2016:A/SWINE/NORTH_CAROLINA/A01730369/2016,swine:swine,1A:1A,0,5.146709449,0.1194512,0.394560078666932,0.394560078666932
A/SWINE/ALBERTA/SD0191/2016:A/SWINE/OKLAHOMA/A01409770/2014,swine:swine,1A:1B,2,3.008304863,0.2150419,0.468378509101276,0.468378509101276
A/SWINE/ALBERTA/SD0191/2016:A/SWINE/SASKATCHEWAN/SD0200/2016,swine:swine,1A:1A,0,0.702418328,0.0231771,0.186373060642062,0.186373060642062
A/SWINE/ILLINOIS/A01493472/2014:A/MINNESOTA/45/2016,swine:hu-variant,1A:1A,2,12.15954619,0.1183471,0.37519038433475,0.37519038433475
A/SWINE/ILLINOIS/A01493472/2014:A/SWINE/ALBERTA/SD0014/2013,swine:swine,1A:1A,1,4.93848818,0.1169091,0.362142984170074,0.362142984170074
A/SWINE/ILLINOIS/A01493472/2014:A/SWINE/ALBERTA/SD0125/2015,swine:swine,1A:1A,1,3.265655079,0.1151019,0.362142984170074,0.362142984170074
A/SWINE/ILLINOIS/A01493472/2014:A/SWINE/ALBERTA/SD0154/2016,swine:swine,1A:1A,2,2.442687248,0.1123129,0.338753742947079,0.338753742947079
A/SWINE/ILLINOIS/A01493472/2014:A/SWINE/ALBERTA/SD0191/2016,swine:swine,1A:1A,2,10.46320826,0.1250008,0.391873575852664,0.391873575852664
A/SWINE/ILLINOIS/A01493472/2014:A/SWINE/ILLINOIS/A01644323/2018,swine:swine,1A:1B,4,6.334504451,0.2229506,0.465997086548331,0.465997086548331
A/SWINE/ILLINOIS/A01493472/2014:A/SWINE/ILLINOIS/A02139356/2018,swine:swine,1A:1B,4,11.37686564,0.2239266,0.460085679104217,0.460085679104217
A/SWINE/ILLINOIS/A01493472/2014:A/SWINE/IOWA/A01731653/2016,swine:swine,1A:1A,2,3.781835598,0.0635334,0.286560269962826,0.286560269962826
A/SWINE/ILLINOIS/A01493472/2014:A/SWINE/MANITOBA/D0333/2014,swine:swine,1A:1A,0,6.465044848,0.1133946,0.346725509928203,0.346725509928203
A/SWINE/ILLINOIS/A01493472/2014:A/SWINE/MANITOBA/D0348/2014,swine:swine,1A:1A,0,10.21964117,0.115648,0.37519038433475,0.37519038433475
A/SWINE/ILLINOIS/A01493472/2014:A/SWINE/MANITOBA/D0392/2014,swine:swine,1A:1A,0,14.16127451,0.1151283,0.377618826413829,0.377618826413829
A/SWINE/ILLINOIS/A01493472/2014:A/SWINE/MANITOBA/SD0114/2015,swine:swine,1A:1A,1,10.24372997,0.1166506,0.37519038433475,0.37519038433475
A/SWINE/ILLINOIS/A01493472/2014:A/SWINE/MEXICO/AVX18/2012,swine:swine,1A:1B,2,8.458546521,0.2142709,0.464034984837657,0.464034984837657
A/SWINE/ILLINOIS/A01493472/2014:A/SWINE/MEXICO/AVX23/2012,swine:swine,1A:1A,2,2.437942376,0.0866447,0.31362502409359,0.31362502409359
A/SWINE/ILLINOIS/A01493472/2014:A/SWINE/MEXICO/AVX31/2012,swine:swine,1A:1A,2,1.569855565,0.0151373,0.181071492085037,0.181071492085037
A/SWINE/ILLINOIS/A01493472/2014:A/SWINE/MEXICO/AVX44/2012,swine:swine,1A:1A,2,4.207206068,0.0368484,0.229833233276646,0.229833233276646
A/SWINE/ILLINOIS/A01493472/2014:A/SWINE/MEXICO/AVX61/2013,swine:swine,1A:1B,1,6.959920069,0.2167877,0.462064551372464,0.462064551372464
A/SWINE/ILLINOIS/A01493472/2014:A/SWINE/MICHIGAN/A01104117/2018,swine:swine,1A:1B,4,9.146827423,0.2248516,0.462064551372464,0.462064551372464
A/SWINE/ILLINOIS/A01493472/2014:A/SWINE/MINNESOTA/A01134353/2011,swine:swine,1A:1B,3,4.83832746,0.2215986,0.456102178333202,0.456102178333202
A/SWINE/ILLINOIS/A01493472/2014:A/SWINE/MINNESOTA/A01567490/2014,swine:swine,1A:1A,0,2.090549856,0.060628,0.279864656334467,0.279864656334467
A/SWINE/ILLINOIS/A01493472/2014:A/SWINE/MINNESOTA/A01781045/2016,swine:swine,1A:1A,2,10.59560416,0.1163945,0.37519038433475,0.37519038433475
A/SWINE/ILLINOIS/A01493472/2014:A/SWINE/NEBRASKA/A01492366/2014,swine:swine,1A:1B,0,7.559065262,0.2210789,0.456102178333202,0.456102178333202
A/SWINE/ILLINOIS/A01493472/2014:A/SWINE/NORTH_CAROLINA/A01730369/2016,swine:swine,1A:1A,2,5.358134501,0.0624985,0.292859050325689,0.292859050325689
A/SWINE/ILLINOIS/A01493472/2014:A/SWINE/NORTH_CAROLINA/A01797415/2015,swine:swine,1A:1A,1,3.562700488,0.063775,0.286299167156934,0.286299167156934
A/SWINE/ILLINOIS/A01493472/2014:A/SWINE/OKLAHOMA/A01409770/2014,swine:swine,1A:1B,0,9.678235368,0.2221797,0.458098258672242,0.458098258672242
A/SWINE/ILLINOIS/A01493472/2014:A/SWINE/SASKATCHEWAN/SD0094/2015,swine:swine,1A:1A,1,3.907558284,0.10968,0.351939719958571,0.351939719958571
A/SWINE/ILLINOIS/A01493472/2014:A/SWINE/SASKATCHEWAN/SD0102/2015,swine:swine,1A:1A,1,12.53024588,0.114975,0.377618826413829,0.377618826413829
A/SWINE/ILLINOIS/A01493472/2014:A/SWINE/SASKATCHEWAN/SD0200/2016,swine:swine,1A:1A,2,10.05577283,0.1226707,0.384812212328112,0.384812212328112
A/SWINE/ILLINOIS/A01644323/2018:A/SWINE/ILLINOIS/A02139356/2018,swine:swine,1B:1B,0,5.290137854,NA,0.336360946204203,0.336360946204203
A/SWINE/ILLINOIS/A01644323/2018:A/SWINE/MICHIGAN/A01104117/2018,swine:swine,1B:1B,0,3.29628083,NA,0.339062683953329,0.339062683953329
A/SWINE/ILLINOIS/A01644323/2018:A/SWINE/OKLAHOMA/A01409770/2014,swine:swine,1B:1B,4,3.870255302,NA,0.310990881646317,0.310990881646317
A/SWINE/ILLINOIS/A02139356/2018:A/SWINE/MICHIGAN/A01104117/2018,swine:swine,1B:1B,0,2.658595738,NA,0.128153648657514,0.128153648657514
A/SWINE/IOWA/A01731653/2016:A/MINNESOTA/45/2016,swine:hu-variant,1A:1A,0,9.967588362,0.1159949,0.380379606036713,0.380379606036713
A/SWINE/IOWA/A01731653/2016:A/SWINE/ALBERTA/SD0014/2013,swine:swine,1A:1A,3,6.192837385,0.1138362,0.362473255998106,0.362473255998106
A/SWINE/IOWA/A01731653/2016:A/SWINE/ALBERTA/SD0125/2015,swine:swine,1A:1A,1,3.221618841,0.1092617,0.354841385352842,0.354841385352842
A/SWINE/IOWA/A01731653/2016:A/SWINE/ALBERTA/SD0154/2016,swine:swine,1A:1A,0,3.155876984,0.1171571,0.359947279189079,0.359947279189079
A/SWINE/IOWA/A01731653/2016:A/SWINE/ALBERTA/SD0191/2016,swine:swine,1A:1A,0,9.378102995,0.1223152,0.394560078666932,0.394560078666932
A/SWINE/IOWA/A01731653/2016:A/SWINE/ILLINOIS/A01644323/2018,swine:swine,1A:1B,2,5.572014359,0.2288993,0.466422849164827,0.466422849164827
A/SWINE/IOWA/A01731653/2016:A/SWINE/ILLINOIS/A02139356/2018,swine:swine,1A:1B,2,9.579787071,0.2223434,0.452496629013674,0.452496629013674
A/SWINE/IOWA/A01731653/2016:A/SWINE/MANITOBA/D0333/2014,swine:swine,1A:1A,2,7.545200265,0.1105649,0.34704172112929,0.34704172112929
A/SWINE/IOWA/A01731653/2016:A/SWINE/MANITOBA/D0348/2014,swine:swine,1A:1A,2,8.887017514,0.1119529,0.380379606036713,0.380379606036713
A/SWINE/IOWA/A01731653/2016:A/SWINE/MANITOBA/D0392/2014,swine:swine,1A:1A,2,11.73486895,0.1120778,0.385164443259822,0.385164443259822
A/SWINE/IOWA/A01731653/2016:A/SWINE/MANITOBA/SD0114/2015,swine:swine,1A:1A,1,9.374486737,0.1137947,0.377964473009227,0.377964473009227
A/SWINE/IOWA/A01731653/2016:A/SWINE/MEXICO/AVX18/2012,swine:swine,1A:1B,4,6.559741953,0.2200361,0.450472025439804,0.450472025439804
A/SWINE/IOWA/A01731653/2016:A/SWINE/MEXICO/AVX23/2012,swine:swine,1A:1A,4,1.65809732,0.0744176,0.283358378741338,0.283358378741338
A/SWINE/IOWA/A01731653/2016:A/SWINE/MEXICO/AVX31/2012,swine:swine,1A:1A,4,2.852987739,0.060182,0.305066703248088,0.305066703248088
A/SWINE/IOWA/A01731653/2016:A/SWINE/MEXICO/AVX44/2012,swine:swine,1A:1A,4,5.450044999,0.0686152,0.302061046665088,0.302061046665088
A/SWINE/IOWA/A01731653/2016:A/SWINE/MEXICO/AVX61/2013,swine:swine,1A:1B,3,5.900138042,0.225234,0.446395271675272,0.446395271675272
A/SWINE/IOWA/A01731653/2016:A/SWINE/MICHIGAN/A01104117/2018,swine:swine,1A:1B,2,7.177656092,0.2247132,0.458516804450433,0.458516804450433
A/SWINE/IOWA/A01731653/2016:A/SWINE/MINNESOTA/A01134353/2011,swine:swine,1A:1B,5,5.089340427,0.2303443,0.456518900373837,0.456518900373837
A/SWINE/IOWA/A01731653/2016:A/SWINE/MINNESOTA/A01781045/2016,swine:swine,1A:1A,0,8.553824324,0.1146078,0.377964473009227,0.377964473009227
A/SWINE/IOWA/A01731653/2016:A/SWINE/NEBRASKA/A01492366/2014,swine:swine,1A:1B,2,5.869066167,0.2314345,0.456518900373837,0.456518900373837
A/SWINE/IOWA/A01731653/2016:A/SWINE/NORTH_CAROLINA/A01730369/2016,swine:swine,1A:1A,0,5.278735664,0.0277272,0.176291266384046,0.176291266384046
A/SWINE/IOWA/A01731653/2016:A/SWINE/OKLAHOMA/A01409770/2014,swine:swine,1A:1B,2,7.71900291,0.2221802,0.450472025439804,0.450472025439804
A/SWINE/IOWA/A01731653/2016:A/SWINE/SASKATCHEWAN/SD0094/2015,swine:swine,1A:1A,1,3.663656468,0.1067244,0.34704172112929,0.34704172112929
A/SWINE/IOWA/A01731653/2016:A/SWINE/SASKATCHEWAN/SD0102/2015,swine:swine,1A:1A,1,11.30916855,0.1123672,0.382779501175476,0.382779501175476
A/SWINE/IOWA/A01731653/2016:A/SWINE/SASKATCHEWAN/SD0200/2016,swine:swine,1A:1A,0,8.850072029,0.1181914,0.389890564151855,0.389890564151855
A/SWINE/MANITOBA/D0333/2014:A/MINNESOTA/45/2016,swine:hu-variant,1A:1A,2,9.688491842,0.0899678,0.339372471760256,0.339372471760256
A/SWINE/MANITOBA/D0333/2014:A/SWINE/ALBERTA/SD0191/2016,swine:swine,1A:1A,2,6.272496556,0.0980649,0.35772999530786,0.35772999530786
A/SWINE/MANITOBA/D0333/2014:A/SWINE/ILLINOIS/A01644323/2018,swine:swine,1A:1B,4,3.992828645,0.2225303,0.462064551372464,0.462064551372464
A/SWINE/MANITOBA/D0333/2014:A/SWINE/ILLINOIS/A02139356/2018,swine:swine,1A:1B,4,8.436029273,0.2200785,0.456102178333202,0.456102178333202
A/SWINE/MANITOBA/D0333/2014:A/SWINE/MANITOBA/D0348/2014,swine:swine,1A:1A,0,6.415322021,0.0897574,0.347358799058501,0.347358799058501
A/SWINE/MANITOBA/D0333/2014:A/SWINE/MANITOBA/D0392/2014,swine:swine,1A:1A,0,10.9693221,0.089197,0.344717248942469,0.344717248942469
A/SWINE/MANITOBA/D0333/2014:A/SWINE/MANITOBA/SD0114/2015,swine:swine,1A:1A,1,6.557818646,0.0897244,0.336668265543051,0.336668265543051
A/SWINE/MANITOBA/D0333/2014:A/SWINE/MICHIGAN/A01104117/2018,swine:swine,1A:1B,4,6.733958716,0.2242015,0.462064551372464,0.462064551372464
A/SWINE/MANITOBA/D0333/2014:A/SWINE/MINNESOTA/A01134353/2011,swine:swine,1A:1B,3,3.02747295,0.2141031,0.452083578604439,0.452083578604439
A/SWINE/MANITOBA/D0333/2014:A/SWINE/MINNESOTA/A01781045/2016,swine:swine,1A:1A,2,8.632195265,0.0912039,0.339372471760256,0.339372471760256
A/SWINE/MANITOBA/D0333/2014:A/SWINE/NEBRASKA/A01492366/2014,swine:swine,1A:1B,0,5.504987457,0.2223524,0.452083578604439,0.452083578604439
A/SWINE/MANITOBA/D0333/2014:A/SWINE/NORTH_CAROLINA/A01730369/2016,swine:swine,1A:1A,2,3.247515616,0.1087492,0.349660941088117,0.349660941088117
A/SWINE/MANITOBA/D0333/2014:A/SWINE/OKLAHOMA/A01409770/2014,swine:swine,1A:1B,0,7.476623859,0.2142601,0.45409732388778,0.45409732388778
A/SWINE/MANITOBA/D0333/2014:A/SWINE/SASKATCHEWAN/SD0102/2015,swine:swine,1A:1A,1,8.17580217,0.0911296,0.344717248942469,0.344717248942469
A/SWINE/MANITOBA/D0333/2014:A/SWINE/SASKATCHEWAN/SD0200/2016,swine:swine,1A:1A,2,6.00225576,0.0961293,0.35772999530786,0.35772999530786
A/SWINE/MANITOBA/D0348/2014:A/MINNESOTA/45/2016,swine:hu-variant,1A:1A,2,3.520801488,0.01124,0.135209229156129,0.135209229156129
A/SWINE/MANITOBA/D0348/2014:A/SWINE/ILLINOIS/A01644323/2018,swine:swine,1A:1B,4,3.894202433,0.2092598,0.466422849164827,0.466422849164827
A/SWINE/MANITOBA/D0348/2014:A/SWINE/ILLINOIS/A02139356/2018,swine:swine,1A:1B,4,2.220407636,0.2179869,0.464458954761489,0.464458954761489
A/SWINE/MANITOBA/D0348/2014:A/SWINE/MICHIGAN/A01104117/2018,swine:swine,1A:1B,4,2.179635642,0.2234887,0.468378509101276,0.468378509101276
A/SWINE/MANITOBA/D0348/2014:A/SWINE/MINNESOTA/A01134353/2011,swine:swine,1A:1B,3,5.590022741,0.2090809,0.460506040707759,0.460506040707759
A/SWINE/MANITOBA/D0348/2014:A/SWINE/MINNESOTA/A01781045/2016,swine:swine,1A:1A,2,3.181030805,0.0116409,0.128270737442704,0.128270737442704
A/SWINE/MANITOBA/D0348/2014:A/SWINE/NEBRASKA/A01492366/2014,swine:swine,1A:1B,0,3.02297721,0.2115831,0.460506040707759,0.460506040707759
A/SWINE/MANITOBA/D0348/2014:A/SWINE/NORTH_CAROLINA/A01730369/2016,swine:swine,1A:1A,2,4.998840761,0.1109662,0.382779501175476,0.382779501175476
A/SWINE/MANITOBA/D0348/2014:A/SWINE/OKLAHOMA/A01409770/2014,swine:swine,1A:1B,0,2.348811818,0.2134076,0.460506040707759,0.460506040707759
A/SWINE/MANITOBA/D0392/2014:A/MINNESOTA/45/2016,swine:hu-variant,1A:1A,2,3.847860234,0.0154845,0.159981717419811,0.159981717419811
A/SWINE/MANITOBA/D0392/2014:A/SWINE/ALBERTA/SD0191/2016,swine:swine,1A:1A,2,5.664626191,0.0206377,0.18140221654707,0.18140221654707
A/SWINE/MANITOBA/D0392/2014:A/SWINE/ILLINOIS/A01644323/2018,swine:swine,1A:1B,4,8.388048412,0.2113526,0.466422849164827,0.466422849164827
A/SWINE/MANITOBA/D0392/2014:A/SWINE/ILLINOIS/A02139356/2018,swine:swine,1A:1B,4,4.510507765,0.2170422,0.464458954761489,0.464458954761489
A/SWINE/MANITOBA/D0392/2014:A/SWINE/MANITOBA/D0348/2014,swine:swine,1A:1A,0,5.231279409,0.012403,0.135209229156129,0.135209229156129
A/SWINE/MANITOBA/D0392/2014:A/SWINE/MANITOBA/SD0114/2015,swine:swine,1A:1A,1,6.78947341,0.0131653,0.141808635893213,0.141808635893213
A/SWINE/MANITOBA/D0392/2014:A/SWINE/MICHIGAN/A01104117/2018,swine:swine,1A:1B,4,5.256170114,0.2219382,0.468378509101276,0.468378509101276
A/SWINE/MANITOBA/D0392/2014:A/SWINE/MINNESOTA/A01134353/2011,swine:swine,1A:1B,3,10.127689,0.2099863,0.458516804450433,0.458516804450433
A/SWINE/MANITOBA/D0392/2014:A/SWINE/MINNESOTA/A01781045/2016,swine:swine,1A:1A,2,5.349733372,0.0151224,0.141808635893213,0.141808635893213
A/SWINE/MANITOBA/D0392/2014:A/SWINE/NEBRASKA/A01492366/2014,swine:swine,1A:1B,0,6.779901259,0.2126862,0.458516804450433,0.458516804450433
A/SWINE/MANITOBA/D0392/2014:A/SWINE/NORTH_CAROLINA/A01730369/2016,swine:swine,1A:1A,2,9.575192867,0.1119641,0.382779501175476,0.382779501175476
A/SWINE/MANITOBA/D0392/2014:A/SWINE/OKLAHOMA/A01409770/2014,swine:swine,1A:1B,0,5.322731105,0.21564440000000001,0.462486720991247,0.462486720991247
A/SWINE/MANITOBA/D0392/2014:A/SWINE/SASKATCHEWAN/SD0102/2015,swine:swine,1A:1A,1,5.014741165,0.0135703,0.159981717419811,0.159981717419811
A/SWINE/MANITOBA/D0392/2014:A/SWINE/SASKATCHEWAN/SD0200/2016,swine:swine,1A:1A,2,5.482031061,0.0207409,0.186373060642062,0.186373060642062
A/SWINE/MANITOBA/SD0114/2015:A/MINNESOTA/45/2016,swine:hu-variant,1A:1A,1,4.193404657,0.0089542,0.135209229156129,0.135209229156129
A/SWINE/MANITOBA/SD0114/2015:A/SWINE/ALBERTA/SD0191/2016,swine:swine,1A:1A,1,1.692568989,0.0124187,0.159981717419811,0.159981717419811
A/SWINE/MANITOBA/SD0114/2015:A/SWINE/ILLINOIS/A01644323/2018,swine:swine,1A:1B,3,4.139846102,0.2083972,0.458516804450433,0.458516804450433
A/SWINE/MANITOBA/SD0114/2015:A/SWINE/ILLINOIS/A02139356/2018,swine:swine,1A:1B,3,2.741278912,0.2122706,0.464458954761489,0.464458954761489
A/SWINE/MANITOBA/SD0114/2015:A/SWINE/MANITOBA/D0348/2014,swine:swine,1A:1A,1,2.010360519,0.0089561,0.12093481103138,0.12093481103138
A/SWINE/MANITOBA/SD0114/2015:A/SWINE/MICHIGAN/A01104117/2018,swine:swine,1A:1B,3,3.47961773,0.218256,0.466422849164827,0.466422849164827
A/SWINE/MANITOBA/SD0114/2015:A/SWINE/MINNESOTA/A01134353/2011,swine:swine,1A:1B,4,5.623789548,0.2062054,0.452496629013674,0.452496629013674
A/SWINE/MANITOBA/SD0114/2015:A/SWINE/MINNESOTA/A01781045/2016,swine:swine,1A:1A,1,3.437660401,0.0048228,0.06046740551569,0.06046740551569
A/SWINE/MANITOBA/SD0114/2015:A/SWINE/NEBRASKA/A01492366/2014,swine:swine,1A:1B,1,3.878271832,0.2086863,0.454512214174315,0.454512214174315
A/SWINE/MANITOBA/SD0114/2015:A/SWINE/NORTH_CAROLINA/A01730369/2016,swine:swine,1A:1A,1,5.042691368,0.1098649,0.377964473009227,0.377964473009227
A/SWINE/MANITOBA/SD0114/2015:A/SWINE/OKLAHOMA/A01409770/2014,swine:swine,1A:1B,1,3.082658326,0.2063754,0.458516804450433,0.458516804450433
A/SWINE/MANITOBA/SD0114/2015:A/SWINE/SASKATCHEWAN/SD0200/2016,swine:swine,1A:1A,1,2.164298503,0.0179366,0.171027649923605,0.171027649923605
A/SWINE/MEXICO/AVX18/2012:A/MINNESOTA/45/2016,swine:hu-variant,1A:1B,4,6.124372294,0.2107716,0.460506040707759,0.460506040707759
A/SWINE/MEXICO/AVX18/2012:A/SWINE/ALBERTA/SD0014/2013,swine:swine,1A:1B,1,7.779997359,0.2185231,0.471834438364006,0.471834438364006
A/SWINE/MEXICO/AVX18/2012:A/SWINE/ALBERTA/SD0125/2015,swine:swine,1A:1B,3,7.304796468,0.2147689,0.469896711744219,0.469896711744219
A/SWINE/MEXICO/AVX18/2012:A/SWINE/ALBERTA/SD0154/2016,swine:swine,1A:1B,4,6.545836664,0.2246116,0.465997086548331,0.465997086548331
A/SWINE/MEXICO/AVX18/2012:A/SWINE/ALBERTA/SD0191/2016,swine:swine,1A:1B,4,4.765844041,0.2150631,0.468378509101276,0.468378509101276
A/SWINE/MEXICO/AVX18/2012:A/SWINE/ILLINOIS/A01644323/2018,swine:swine,1B:1B,6,3.873568113,0.0682164,0.305066703248088,0.305066703248088
A/SWINE/MEXICO/AVX18/2012:A/SWINE/ILLINOIS/A02139356/2018,swine:swine,1B:1B,6,5.592401418,0.0687517,0.305066703248088,0.305066703248088
A/SWINE/MEXICO/AVX18/2012:A/SWINE/MANITOBA/D0333/2014,swine:swine,1A:1B,2,5.816045206,0.2184869,0.456102178333202,0.456102178333202
A/SWINE/MEXICO/AVX18/2012:A/SWINE/MANITOBA/D0348/2014,swine:swine,1A:1B,2,4.241856285,0.2094017,0.462486720991247,0.462486720991247
A/SWINE/MEXICO/AVX18/2012:A/SWINE/MANITOBA/D0392/2014,swine:swine,1A:1B,2,6.273258419,0.2110548,0.462486720991247,0.462486720991247
A/SWINE/MEXICO/AVX18/2012:A/SWINE/MANITOBA/SD0114/2015,swine:swine,1A:1B,3,5.909461235,0.2037863,0.460506040707759,0.460506040707759
A/SWINE/MEXICO/AVX18/2012:A/SWINE/MEXICO/AVX61/2013,swine:swine,1B:1B,1,3.552867417,0.0517578,0.263330715438649,0.263330715438649
A/SWINE/MEXICO/AVX18/2012:A/SWINE/MICHIGAN/A01104117/2018,swine:swine,1B:1B,6,3.224736492,0.0733587,0.31391104788682,0.31391104788682
A/SWINE/MEXICO/AVX18/2012:A/SWINE/MINNESOTA/A01134353/2011,swine:swine,1B:1B,1,4.971157706,0.0537675,0.286560269962826,0.286560269962826
A/SWINE/MEXICO/AVX18/2012:A/SWINE/MINNESOTA/A01781045/2016,swine:swine,1A:1B,4,5.66733432,0.2053762,0.462486720991247,0.462486720991247
A/SWINE/MEXICO/AVX18/2012:A/SWINE/NEBRASKA/A01492366/2014,swine:swine,1B:1B,2,2.957582374,0.0593555,0.292859050325689,0.292859050325689
A/SWINE/MEXICO/AVX18/2012:A/SWINE/NORTH_CAROLINA/A01730369/2016,swine:swine,1A:1B,4,4.641924901,0.2102736,0.452496629013674,0.452496629013674
A/SWINE/MEXICO/AVX18/2012:A/SWINE/OKLAHOMA/A01409770/2014,swine:swine,1B:1B,2,4.426958339,0.0634616,0.286560269962826,0.286560269962826
A/SWINE/MEXICO/AVX18/2012:A/SWINE/SASKATCHEWAN/SD0094/2015,swine:swine,1A:1B,3,5.645010593,0.2130168,0.464034984837657,0.464034984837657
A/SWINE/MEXICO/AVX18/2012:A/SWINE/SASKATCHEWAN/SD0102/2015,swine:swine,1A:1B,3,6.375770934,0.2106203,0.464458954761489,0.464458954761489
A/SWINE/MEXICO/AVX18/2012:A/SWINE/SASKATCHEWAN/SD0200/2016,swine:swine,1A:1B,4,4.064950288,0.2119597,0.460506040707759,0.460506040707759
A/SWINE/MEXICO/AVX23/2012:A/MINNESOTA/45/2016,swine:hu-variant,1A:1A,4,10.77303469,0.1029545,0.355165589518554,0.355165589518554
A/SWINE/MEXICO/AVX23/2012:A/SWINE/ALBERTA/SD0014/2013,swine:swine,1A:1A,1,5.30786206,0.0983444,0.341431679821056,0.341431679821056
A/SWINE/MEXICO/AVX23/2012:A/SWINE/ALBERTA/SD0125/2015,swine:swine,1A:1A,3,2.291658597,0.0982718,0.336054466918509,0.336054466918509
A/SWINE/MEXICO/AVX23/2012:A/SWINE/ALBERTA/SD0154/2016,swine:swine,1A:1A,4,2.36657062,0.1063702,0.341431679821056,0.341431679821056
A/SWINE/MEXICO/AVX23/2012:A/SWINE/ALBERTA/SD0191/2016,swine:swine,1A:1A,4,9.849350584,0.1117617,0.377618826413829,0.377618826413829
A/SWINE/MEXICO/AVX23/2012:A/SWINE/ILLINOIS/A01644323/2018,swine:swine,1A:1B,6,5.80944377,0.2065624,0.458098258672242,0.458098258672242
A/SWINE/MEXICO/AVX23/2012:A/SWINE/ILLINOIS/A02139356/2018,swine:swine,1A:1B,6,10.23368498,0.2049913,0.450060823140103,0.450060823140103
A/SWINE/MEXICO/AVX23/2012:A/SWINE/MANITOBA/D0333/2014,swine:swine,1A:1A,2,7.341879521,0.1031766,0.336054466918509,0.336054466918509
A/SWINE/MEXICO/AVX23/2012:A/SWINE/MANITOBA/D0348/2014,swine:swine,1A:1A,2,9.454734696,0.1003458,0.360276148402668,0.360276148402668
A/SWINE/MEXICO/AVX23/2012:A/SWINE/MANITOBA/D0392/2014,swine:swine,1A:1A,2,12.85010543,0.1002732,0.360276148402668,0.360276148402668
A/SWINE/MEXICO/AVX23/2012:A/SWINE/MANITOBA/SD0114/2015,swine:swine,1A:1A,3,9.633490592,0.101903,0.35772999530786,0.35772999530786
A/SWINE/MEXICO/AVX23/2012:A/SWINE/MEXICO/AVX18/2012,swine:swine,1A:1B,0,7.591884228,0.2009066,0.460085679104217,0.460085679104217
A/SWINE/MEXICO/AVX23/2012:A/SWINE/MEXICO/AVX44/2012,swine:swine,1A:1A,0,4.926876593,0.0850487,0.330589802453643,0.330589802453643
A/SWINE/MEXICO/AVX23/2012:A/SWINE/MEXICO/AVX61/2013,swine:swine,1A:1B,1,6.272983606,0.2027086,0.450060823140103,0.450060823140103
A/SWINE/MEXICO/AVX23/2012:A/SWINE/MICHIGAN/A01104117/2018,swine:swine,1A:1B,6,7.971383608,0.2052656,0.45409732388778,0.45409732388778
A/SWINE/MEXICO/AVX23/2012:A/SWINE/MINNESOTA/A01134353/2011,swine:swine,1A:1B,1,4.916792484,0.2034084,0.448028935457632,0.448028935457632
A/SWINE/MEXICO/AVX23/2012:A/SWINE/MINNESOTA/A01781045/2016,swine:swine,1A:1A,4,9.2168077,0.1026579,0.360276148402668,0.360276148402668
A/SWINE/MEXICO/AVX23/2012:A/SWINE/NEBRASKA/A01492366/2014,swine:swine,1A:1B,2,6.526219481,0.2044128,0.445987790739894,0.445987790739894
A/SWINE/MEXICO/AVX23/2012:A/SWINE/NORTH_CAROLINA/A01730369/2016,swine:swine,1A:1A,4,5.227641877,0.0738122,0.289726777912253,0.289726777912253
A/SWINE/MEXICO/AVX23/2012:A/SWINE/OKLAHOMA/A01409770/2014,swine:swine,1A:1B,2,8.416417801,0.2001308,0.450060823140103,0.450060823140103
A/SWINE/MEXICO/AVX23/2012:A/SWINE/SASKATCHEWAN/SD0094/2015,swine:swine,1A:1A,3,3.358210318,0.0958536,0.327823311955642,0.327823311955642
A/SWINE/MEXICO/AVX23/2012:A/SWINE/SASKATCHEWAN/SD0102/2015,swine:swine,1A:1A,3,11.83446312,0.0996344,0.355165589518554,0.355165589518554
A/SWINE/MEXICO/AVX23/2012:A/SWINE/SASKATCHEWAN/SD0200/2016,swine:swine,1A:1A,4,9.394075041,0.109501,0.37519038433475,0.37519038433475
A/SWINE/MEXICO/AVX31/2012:A/MINNESOTA/45/2016,swine:hu-variant,1A:1A,4,10.60554095,0.1125524,0.37519038433475,0.37519038433475
A/SWINE/MEXICO/AVX31/2012:A/SWINE/ALBERTA/SD0014/2013,swine:swine,1A:1A,1,4.156518655,0.1114365,0.362142984170074,0.362142984170074
A/SWINE/MEXICO/AVX31/2012:A/SWINE/ALBERTA/SD0125/2015,swine:swine,1A:1A,3,2.239280367,0.1089323,0.359619308934927,0.359619308934927
A/SWINE/MEXICO/AVX31/2012:A/SWINE/ALBERTA/SD0154/2016,swine:swine,1A:1A,4,1.025237677,0.106307,0.333333333333333,0.333333333333333
A/SWINE/MEXICO/AVX31/2012:A/SWINE/ALBERTA/SD0191/2016,swine:swine,1A:1A,4,9.001111091,0.1181617,0.387180309832196,0.387180309832196
A/SWINE/MEXICO/AVX31/2012:A/SWINE/ILLINOIS/A01644323/2018,swine:swine,1A:1B,6,4.859348872,0.2195284,0.465997086548331,0.465997086548331
A/SWINE/MEXICO/AVX31/2012:A/SWINE/ILLINOIS/A02139356/2018,swine:swine,1A:1B,6,9.84061692,0.2235797,0.467950961308748,0.467950961308748
A/SWINE/MEXICO/AVX31/2012:A/SWINE/MANITOBA/D0333/2014,swine:swine,1A:1A,2,5.62213173,0.1084902,0.344088775768987,0.344088775768987
A/SWINE/MEXICO/AVX31/2012:A/SWINE/MANITOBA/D0348/2014,swine:swine,1A:1A,2,8.718816844,0.1083628,0.370285723958484,0.370285723958484
A/SWINE/MEXICO/AVX31/2012:A/SWINE/MANITOBA/D0392/2014,swine:swine,1A:1A,2,12.60504,0.1089399,0.37519038433475,0.37519038433475
A/SWINE/MEXICO/AVX31/2012:A/SWINE/MANITOBA/SD0114/2015,swine:swine,1A:1A,3,8.827657557,0.1074809,0.370285723958484,0.370285723958484
A/SWINE/MEXICO/AVX31/2012:A/SWINE/MEXICO/AVX18/2012,swine:swine,1A:1B,0,7.013613087,0.2159082,0.471834438364006,0.471834438364006
A/SWINE/MEXICO/AVX31/2012:A/SWINE/MEXICO/AVX23/2012,swine:swine,1A:1A,0,1.86707895,0.0816388,0.310707518597366,0.310707518597366
A/SWINE/MEXICO/AVX31/2012:A/SWINE/MEXICO/AVX44/2012,swine:swine,1A:1A,0,3.235612094,0.0344118,0.2488589625516,0.2488589625516
A/SWINE/MEXICO/AVX31/2012:A/SWINE/MEXICO/AVX61/2013,swine:swine,1A:1B,1,5.454819215,0.2130831,0.465997086548331,0.465997086548331
A/SWINE/MEXICO/AVX31/2012:A/SWINE/MICHIGAN/A01104117/2018,swine:swine,1A:1B,6,7.5826838,0.2245057,0.469896711744219,0.469896711744219
A/SWINE/MEXICO/AVX31/2012:A/SWINE/MINNESOTA/A01134353/2011,swine:swine,1A:1B,1,3.530375529,0.2187204,0.460085679104217,0.460085679104217
A/SWINE/MEXICO/AVX31/2012:A/SWINE/MINNESOTA/A01781045/2016,swine:swine,1A:1A,4,9.065007964,0.1082617,0.372746121284123,0.372746121284123
A/SWINE/MEXICO/AVX31/2012:A/SWINE/NEBRASKA/A01492366/2014,swine:swine,1A:1B,2,6.001484924,0.2176992,0.456102178333202,0.456102178333202
A/SWINE/MEXICO/AVX31/2012:A/SWINE/NORTH_CAROLINA/A01730369/2016,swine:swine,1A:1A,4,3.986653848,0.0591738,0.305066703248088,0.305066703248088
A/SWINE/MEXICO/AVX31/2012:A/SWINE/OKLAHOMA/A01409770/2014,swine:swine,1A:1B,2,8.125849334,0.220466,0.464034984837657,0.464034984837657
A/SWINE/MEXICO/AVX31/2012:A/SWINE/SASKATCHEWAN/SD0094/2015,swine:swine,1A:1A,3,2.446137544,0.1044215,0.349342343353543,0.349342343353543
A/SWINE/MEXICO/AVX31/2012:A/SWINE/SASKATCHEWAN/SD0102/2015,swine:swine,1A:1A,3,11.06117985,0.1079229,0.372746121284123,0.372746121284123
A/SWINE/MEXICO/AVX31/2012:A/SWINE/SASKATCHEWAN/SD0200/2016,swine:swine,1A:1A,4,8.573843092,0.1152107,0.380031750814398,0.380031750814398
A/SWINE/MEXICO/AVX44/2012:A/MINNESOTA/45/2016,swine:hu-variant,1A:1A,4,9.417167123,0.1191958,0.39880992984911,0.39880992984911
A/SWINE/MEXICO/AVX44/2012:A/SWINE/ALBERTA/SD0014/2013,swine:swine,1A:1A,1,2.720695982,0.1169685,0.369610635477286,0.369610635477286
A/SWINE/MEXICO/AVX44/2012:A/SWINE/ALBERTA/SD0125/2015,swine:swine,1A:1A,3,3.818463491,0.1209144,0.369610635477286,0.369610635477286
A/SWINE/MEXICO/AVX44/2012:A/SWINE/ALBERTA/SD0154/2016,swine:swine,1A:1A,4,2.588547071,0.1186276,0.351939719958571,0.351939719958571
A/SWINE/MEXICO/AVX44/2012:A/SWINE/ALBERTA/SD0191/2016,swine:swine,1A:1A,4,6.798434628,0.1260566,0.410109897430859,0.410109897430859
A/SWINE/MEXICO/AVX44/2012:A/SWINE/ILLINOIS/A01644323/2018,swine:swine,1A:1B,6,3.116944305,0.2206797,0.464034984837657,0.464034984837657
A/SWINE/MEXICO/AVX44/2012:A/SWINE/ILLINOIS/A02139356/2018,swine:swine,1A:1B,6,8.307771869,0.2152551,0.460085679104217,0.460085679104217
A/SWINE/MEXICO/AVX44/2012:A/SWINE/MANITOBA/D0333/2014,swine:swine,1A:1A,2,2.735232777,0.1138954,0.362142984170074,0.362142984170074
A/SWINE/MEXICO/AVX44/2012:A/SWINE/MANITOBA/D0348/2014,swine:swine,1A:1A,2,6.751538244,0.1155154,0.396511294393177,0.396511294393177
A/SWINE/MEXICO/AVX44/2012:A/SWINE/MANITOBA/D0392/2014,swine:swine,1A:1A,2,11.39344641,0.1175604,0.39880992984911,0.39880992984911
A/SWINE/MEXICO/AVX44/2012:A/SWINE/MANITOBA/SD0114/2015,swine:swine,1A:1A,3,6.620203069,0.1161555,0.39419925547425,0.39419925547425
A/SWINE/MEXICO/AVX44/2012:A/SWINE/MEXICO/AVX18/2012,swine:swine,1A:1B,0,6.0901531779999996,0.21338,0.465997086548331,0.465997086548331
A/SWINE/MEXICO/AVX44/2012:A/SWINE/MEXICO/AVX61/2013,swine:swine,1A:1B,1,3.820791256,0.2053894,0.452083578604439,0.452083578604439
A/SWINE/MEXICO/AVX44/2012:A/SWINE/MICHIGAN/A01104117/2018,swine:swine,1A:1B,6,6.402393132,0.21468,0.462064551372464,0.462064551372464
A/SWINE/MEXICO/AVX44/2012:A/SWINE/MINNESOTA/A01134353/2011,swine:swine,1A:1B,1,1.319544513,0.2178178,0.450060823140103,0.450060823140103
A/SWINE/MEXICO/AVX44/2012:A/SWINE/MINNESOTA/A01781045/2016,swine:swine,1A:1A,4,7.990744571,0.1152986,0.39419925547425,0.39419925547425
A/SWINE/MEXICO/AVX44/2012:A/SWINE/NEBRASKA/A01492366/2014,swine:swine,1A:1B,2,4.862383979,0.2182815,0.456102178333202,0.456102178333202
A/SWINE/MEXICO/AVX44/2012:A/SWINE/NORTH_CAROLINA/A01730369/2016,swine:swine,1A:1A,4,1.8894211379999999,0.0652268,0.305066703248088,0.305066703248088
A/SWINE/MEXICO/AVX44/2012:A/SWINE/OKLAHOMA/A01409770/2014,swine:swine,1A:1B,2,6.955755482,0.2186339,0.464034984837657,0.464034984837657
A/SWINE/MEXICO/AVX44/2012:A/SWINE/SASKATCHEWAN/SD0094/2015,swine:swine,1A:1A,3,2.388768545,0.114053,0.362142984170074,0.362142984170074
A/SWINE/MEXICO/AVX44/2012:A/SWINE/SASKATCHEWAN/SD0102/2015,swine:swine,1A:1A,3,8.846557519,0.1177079,0.401095392283621,0.401095392283621
A/SWINE/MEXICO/AVX44/2012:A/SWINE/SASKATCHEWAN/SD0200/2016,swine:swine,1A:1A,4,6.495828751,0.1230421,0.403367905609818,0.403367905609818
A/SWINE/MEXICO/AVX61/2013:A/MINNESOTA/45/2016,swine:hu-variant,1A:1B,3,5.641100694,0.2003274,0.444342868750181,0.444342868750181
A/SWINE/MEXICO/AVX61/2013:A/SWINE/ALBERTA/SD0014/2013,swine:swine,1A:1B,0,4.584076622,0.2128015,0.462064551372464,0.462064551372464
A/SWINE/MEXICO/AVX61/2013:A/SWINE/ALBERTA/SD0125/2015,swine:swine,1A:1B,2,4.983483193,0.2098213,0.452083578604439,0.452083578604439
A/SWINE/MEXICO/AVX61/2013:A/SWINE/ALBERTA/SD0154/2016,swine:swine,1A:1B,3,4.587775103,0.22924,0.460085679104217,0.460085679104217
A/SWINE/MEXICO/AVX61/2013:A/SWINE/ALBERTA/SD0191/2016,swine:swine,1A:1B,3,3.588068883,0.2043882,0.456518900373837,0.456518900373837
A/SWINE/MEXICO/AVX61/2013:A/SWINE/ILLINOIS/A01644323/2018,swine:swine,1B:1B,5,0.707671641,0.0710922,0.305066703248088,0.305066703248088
A/SWINE/MEXICO/AVX61/2013:A/SWINE/ILLINOIS/A02139356/2018,swine:swine,1B:1B,5,4.613070478,0.0645327,0.305066703248088,0.305066703248088
A/SWINE/MEXICO/AVX61/2013:A/SWINE/MANITOBA/D0333/2014,swine:swine,1A:1B,1,4.485837339,0.208162,0.439807522598587,0.439807522598587
A/SWINE/MEXICO/AVX61/2013:A/SWINE/MANITOBA/D0348/2014,swine:swine,1A:1B,1,3.267332815,0.1981175,0.450472025439804,0.450472025439804
A/SWINE/MEXICO/AVX61/2013:A/SWINE/MANITOBA/D0392/2014,swine:swine,1A:1B,1,7.704096389,0.2003142,0.44843828130406,0.44843828130406
A/SWINE/MEXICO/AVX61/2013:A/SWINE/MANITOBA/SD0114/2015,swine:swine,1A:1B,2,3.672873898,0.1919348,0.442280941760146,0.442280941760146
A/SWINE/MEXICO/AVX61/2013:A/SWINE/MICHIGAN/A01104117/2018,swine:swine,1B:1B,5,2.601303159,0.0687464,0.31391104788682,0.31391104788682
A/SWINE/MEXICO/AVX61/2013:A/SWINE/MINNESOTA/A01134353/2011,swine:swine,1B:1B,2,2.530827193,0.0543585,0.283358378741338,0.283358378741338
A/SWINE/MEXICO/AVX61/2013:A/SWINE/MINNESOTA/A01781045/2016,swine:swine,1A:1B,3,4.346800523,0.1942321,0.444342868750181,0.444342868750181
A/SWINE/MEXICO/AVX61/2013:A/SWINE/NEBRASKA/A01492366/2014,swine:swine,1B:1B,1,1.209568538,0.0632699,0.295958174200194,0.295958174200194
A/SWINE/MEXICO/AVX61/2013:A/SWINE/NORTH_CAROLINA/A01730369/2016,swine:swine,1A:1B,3,1.935199368,0.2126793,0.436036662162189,0.436036662162189
A/SWINE/MEXICO/AVX61/2013:A/SWINE/OKLAHOMA/A01409770/2014,swine:swine,1B:1B,1,3.192083375,0.0579933,0.283358378741338,0.283358378741338
A/SWINE/MEXICO/AVX61/2013:A/SWINE/SASKATCHEWAN/SD0094/2015,swine:swine,1A:1B,2,3.228827543,0.2064379,0.450060823140103,0.450060823140103
A/SWINE/MEXICO/AVX61/2013:A/SWINE/SASKATCHEWAN/SD0102/2015,swine:swine,1A:1B,2,5.625542192,0.1999447,0.44843828130406,0.44843828130406
A/SWINE/MEXICO/AVX61/2013:A/SWINE/SASKATCHEWAN/SD0200/2016,swine:swine,1A:1B,3,3.156698256,0.2045321,0.456518900373837,0.456518900373837
A/SWINE/MINNESOTA/A01134353/2011:A/SWINE/ILLINOIS/A01644323/2018,swine:swine,1B:1B,7,1.825232098,0.0262987,0.209274031924547,0.209274031924547
A/SWINE/MINNESOTA/A01134353/2011:A/SWINE/ILLINOIS/A02139356/2018,swine:swine,1B:1B,7,7.085793604,0.0746812,0.31967136409428,0.31967136409428
A/SWINE/MINNESOTA/A01134353/2011:A/SWINE/MICHIGAN/A01104117/2018,swine:swine,1B:1B,7,5.094264484,0.0776327,0.32532970362141,0.32532970362141
A/SWINE/MINNESOTA/A01134353/2011:A/SWINE/NEBRASKA/A01492366/2014,swine:swine,1B:1B,3,3.543709091,0.0185155,0.176130343241075,0.176130343241075
A/SWINE/MINNESOTA/A01134353/2011:A/SWINE/OKLAHOMA/A01409770/2014,swine:swine,1B:1B,3,5.674526861,0.0657762,0.299025180200866,0.299025180200866
A/SWINE/MINNESOTA/A01567490/2014:A/MINNESOTA/45/2016,swine:hu-variant,1A:1A,2,11.31345044,0.1130595,0.370285723958484,0.370285723958484
A/SWINE/MINNESOTA/A01567490/2014:A/SWINE/ALBERTA/SD0014/2013,swine:swine,1A:1A,1,5.89591335,0.1104572,0.357077797873323,0.357077797873323
A/SWINE/MINNESOTA/A01567490/2014:A/SWINE/ALBERTA/SD0125/2015,swine:swine,1A:1A,1,3.430239075,0.1058969,0.349342343353543,0.349342343353543
A/SWINE/MINNESOTA/A01567490/2014:A/SWINE/ALBERTA/SD0154/2016,swine:swine,1A:1A,2,2.644186817,0.1150851,0.354518067394723,0.354518067394723
A/SWINE/MINNESOTA/A01567490/2014:A/SWINE/ALBERTA/SD0191/2016,swine:swine,1A:1A,2,10.04667386,0.1202689,0.387180309832196,0.387180309832196
A/SWINE/MINNESOTA/A01567490/2014:A/SWINE/ILLINOIS/A01644323/2018,swine:swine,1A:1B,4,5.987876637,0.2333404,0.462064551372464,0.462064551372464
A/SWINE/MINNESOTA/A01567490/2014:A/SWINE/ILLINOIS/A02139356/2018,swine:swine,1A:1B,4,10.71519718,0.2212282,0.45409732388778,0.45409732388778
A/SWINE/MINNESOTA/A01567490/2014:A/SWINE/IOWA/A01731653/2016,swine:swine,1A:1A,2,2.039651497,0.0143057,0.120824418666035,0.120824418666035
A/SWINE/MINNESOTA/A01567490/2014:A/SWINE/MANITOBA/D0333/2014,swine:swine,1A:1A,0,6.817045704,0.1073609,0.344088775768987,0.344088775768987
A/SWINE/MINNESOTA/A01567490/2014:A/SWINE/MANITOBA/D0348/2014,swine:swine,1A:1A,0,9.671838551,0.1103863,0.372746121284123,0.372746121284123
A/SWINE/MINNESOTA/A01567490/2014:A/SWINE/MANITOBA/D0392/2014,swine:swine,1A:1A,0,12.99964119,0.1113657,0.37519038433475,0.37519038433475
A/SWINE/MINNESOTA/A01567490/2014:A/SWINE/MANITOBA/SD0114/2015,swine:swine,1A:1A,1,10.05379084,0.1111313,0.367808868575187,0.367808868575187
A/SWINE/MINNESOTA/A01567490/2014:A/SWINE/MEXICO/AVX18/2012,swine:swine,1A:1B,2,7.275770368,0.2219877,0.458098258672242,0.458098258672242
A/SWINE/MINNESOTA/A01567490/2014:A/SWINE/MEXICO/AVX23/2012,swine:swine,1A:1A,2,1.580004973,0.072249,0.279864656334467,0.279864656334467
A/SWINE/MINNESOTA/A01567490/2014:A/SWINE/MEXICO/AVX31/2012,swine:swine,1A:1A,2,1.765998407,0.0573209,0.289462789904897,0.289462789904897
A/SWINE/MINNESOTA/A01567490/2014:A/SWINE/MEXICO/AVX44/2012,swine:swine,1A:1A,2,4.772876586,0.0663473,0.292592208310985,0.292592208310985
A/SWINE/MINNESOTA/A01567490/2014:A/SWINE/MEXICO/AVX61/2013,swine:swine,1A:1B,1,6.491689494,0.2236248,0.443937261300291,0.443937261300291
A/SWINE/MINNESOTA/A01567490/2014:A/SWINE/MICHIGAN/A01104117/2018,swine:swine,1A:1B,4,8.276759498,0.223606,0.460085679104217,0.460085679104217
A/SWINE/MINNESOTA/A01567490/2014:A/SWINE/MINNESOTA/A01134353/2011,swine:swine,1A:1B,3,4.901775652,0.2350889,0.45409732388778,0.45409732388778
A/SWINE/MINNESOTA/A01567490/2014:A/SWINE/MINNESOTA/A01781045/2016,swine:swine,1A:1A,2,9.869326729,0.1108648,0.367808868575187,0.367808868575187
A/SWINE/MINNESOTA/A01567490/2014:A/SWINE/NEBRASKA/A01492366/2014,swine:swine,1A:1B,0,6.783939572,0.235861,0.452083578604439,0.452083578604439
A/SWINE/MINNESOTA/A01567490/2014:A/SWINE/NORTH_CAROLINA/A01730369/2016,swine:swine,1A:1A,2,5.303218702,0.0225498,0.154021517124155,0.154021517124155
A/SWINE/MINNESOTA/A01567490/2014:A/SWINE/NORTH_CAROLINA/A01797415/2015,swine:swine,1A:1A,1,1.743079765,0.0241298,0.1415500966884,0.1415500966884
A/SWINE/MINNESOTA/A01567490/2014:A/SWINE/OKLAHOMA/A01409770/2014,swine:swine,1A:1B,0,8.915089,0.2198283,0.452083578604439,0.452083578604439
A/SWINE/MINNESOTA/A01567490/2014:A/SWINE/SASKATCHEWAN/SD0094/2015,swine:swine,1A:1A,1,3.812538243,0.1026026,0.341431679821056,0.341431679821056
A/SWINE/MINNESOTA/A01567490/2014:A/SWINE/SASKATCHEWAN/SD0102/2015,swine:swine,1A:1A,1,12.09070363,0.1097112,0.372746121284123,0.372746121284123
A/SWINE/MINNESOTA/A01567490/2014:A/SWINE/SASKATCHEWAN/SD0200/2016,swine:swine,1A:1A,2,9.539832326,0.1172928,0.387180309832196,0.387180309832196
A/SWINE/MINNESOTA/A01781045/2016:A/SWINE/ILLINOIS/A01644323/2018,swine:swine,1A:1B,2,4.987819869,0.2102563,0.460506040707759,0.460506040707759
A/SWINE/MINNESOTA/A01781045/2016:A/SWINE/ILLINOIS/A02139356/2018,swine:swine,1A:1B,2,1.61836893,0.2132803,0.464458954761489,0.464458954761489
A/SWINE/MINNESOTA/A01781045/2016:A/SWINE/MICHIGAN/A01104117/2018,swine:swine,1A:1B,2,2.480307918,0.2190857,0.466422849164827,0.466422849164827
A/SWINE/MINNESOTA/A01781045/2016:A/SWINE/MINNESOTA/A01134353/2011,swine:swine,1A:1B,5,6.744982301,0.2085737,0.454512214174315,0.454512214174315
A/SWINE/MINNESOTA/A01781045/2016:A/SWINE/NEBRASKA/A01492366/2014,swine:swine,1A:1B,2,3.62478572,0.2112058,0.456518900373837,0.456518900373837
A/SWINE/MINNESOTA/A01781045/2016:A/SWINE/NORTH_CAROLINA/A01730369/2016,swine:swine,1A:1A,0,6.148526385,0.1095242,0.375533808099405,0.375533808099405
A/SWINE/MINNESOTA/A01781045/2016:A/SWINE/OKLAHOMA/A01409770/2014,swine:swine,1A:1B,2,1.3071637760000001,0.2101637,0.462486720991247,0.462486720991247
A/SWINE/NEBRASKA/A01492366/2014:A/SWINE/ILLINOIS/A01644323/2018,swine:swine,1B:1B,4,1.815832297,0.0170789,0.170871531543352,0.170871531543352
A/SWINE/NEBRASKA/A01492366/2014:A/SWINE/ILLINOIS/A02139356/2018,swine:swine,1B:1B,4,4.025671517,0.0804515,0.322512943213363,0.322512943213363
A/SWINE/NEBRASKA/A01492366/2014:A/SWINE/MICHIGAN/A01104117/2018,swine:swine,1B:1B,4,1.613695613,0.0830265,0.328122284486504,0.328122284486504
A/SWINE/NEBRASKA/A01492366/2014:A/SWINE/OKLAHOMA/A01409770/2014,swine:swine,1B:1B,0,2.391544882,0.0708582,0.295958174200194,0.295958174200194
A/SWINE/NORTH_CAROLINA/A01730369/2016:A/SWINE/ILLINOIS/A01644323/2018,swine:swine,1A:1B,2,1.228991875,0.2207868,0.460506040707759,0.460506040707759
A/SWINE/NORTH_CAROLINA/A01730369/2016:A/SWINE/ILLINOIS/A02139356/2018,swine:swine,1A:1B,2,6.470356718,0.2114469,0.450472025439804,0.450472025439804
A/SWINE/NORTH_CAROLINA/A01730369/2016:A/SWINE/MICHIGAN/A01104117/2018,swine:swine,1A:1B,2,4.519762211,0.2120625,0.456518900373837,0.456518900373837
A/SWINE/NORTH_CAROLINA/A01730369/2016:A/SWINE/MINNESOTA/A01134353/2011,swine:swine,1A:1B,5,0.616442247,0.2197207,0.44843828130406,0.44843828130406
A/SWINE/NORTH_CAROLINA/A01730369/2016:A/SWINE/NEBRASKA/A01492366/2014,swine:swine,1A:1B,2,2.996464644,0.2204971,0.44843828130406,0.44843828130406
A/SWINE/NORTH_CAROLINA/A01730369/2016:A/SWINE/OKLAHOMA/A01409770/2014,swine:swine,1A:1B,2,5.076678631,0.2110243,0.44843828130406,0.44843828130406
A/SWINE/NORTH_CAROLINA/A01797415/2015:A/MINNESOTA/45/2016,swine:hu-variant,1A:1A,1,9.863518904,0.1134268,0.372746121284123,0.372746121284123
A/SWINE/NORTH_CAROLINA/A01797415/2015:A/SWINE/ALBERTA/SD0014/2013,swine:swine,1A:1A,2,6.0049738,0.103029,0.346725509928203,0.346725509928203
A/SWINE/NORTH_CAROLINA/A01797415/2015:A/SWINE/ALBERTA/SD0125/2015,swine:swine,1A:1A,0,3.604345817,0.1049333,0.349342343353543,0.349342343353543
A/SWINE/NORTH_CAROLINA/A01797415/2015:A/SWINE/ALBERTA/SD0154/2016,swine:swine,1A:1A,1,2.826394212,0.108315,0.349342343353543,0.349342343353543
A/SWINE/NORTH_CAROLINA/A01797415/2015:A/SWINE/ALBERTA/SD0191/2016,swine:swine,1A:1A,1,8.801517896,0.1219528,0.389534011206537,0.389534011206537
A/SWINE/NORTH_CAROLINA/A01797415/2015:A/SWINE/ILLINOIS/A01644323/2018,swine:swine,1A:1B,3,4.960473411,0.2192744,0.462064551372464,0.462064551372464
A/SWINE/NORTH_CAROLINA/A01797415/2015:A/SWINE/ILLINOIS/A02139356/2018,swine:swine,1A:1B,3,9.348026836,0.2107262,0.452083578604439,0.452083578604439
A/SWINE/NORTH_CAROLINA/A01797415/2015:A/SWINE/IOWA/A01731653/2016,swine:swine,1A:1A,1,1.449997264,0.0277135,0.16544564900209,0.16544564900209
A/SWINE/NORTH_CAROLINA/A01797415/2015:A/SWINE/MANITOBA/D0333/2014,swine:swine,1A:1A,1,6.418907878,0.1085329,0.344088775768987,0.344088775768987
A/SWINE/NORTH_CAROLINA/A01797415/2015:A/SWINE/MANITOBA/D0348/2014,swine:swine,1A:1A,1,8.35277726,0.1128637,0.37519038433475,0.37519038433475
A/SWINE/NORTH_CAROLINA/A01797415/2015:A/SWINE/MANITOBA/D0392/2014,swine:swine,1A:1A,1,11.34283332,0.1138636,0.37519038433475,0.37519038433475
A/SWINE/NORTH_CAROLINA/A01797415/2015:A/SWINE/MANITOBA/SD0114/2015,swine:swine,1A:1A,0,8.978715189,0.1117582,0.370285723958484,0.370285723958484
A/SWINE/NORTH_CAROLINA/A01797415/2015:A/SWINE/MEXICO/AVX18/2012,swine:swine,1A:1B,3,5.68290821,0.2081476,0.45409732388778,0.45409732388778
A/SWINE/NORTH_CAROLINA/A01797415/2015:A/SWINE/MEXICO/AVX23/2012,swine:swine,1A:1A,3,2.325614098,0.075554,0.279864656334467,0.279864656334467
A/SWINE/NORTH_CAROLINA/A01797415/2015:A/SWINE/MEXICO/AVX31/2012,swine:swine,1A:1A,3,2.482833898,0.0604413,0.292592208310985,0.292592208310985
A/SWINE/NORTH_CAROLINA/A01797415/2015:A/SWINE/MEXICO/AVX44/2012,swine:swine,1A:1A,3,4.648328585,0.0683518,0.298752719843424,0.298752719843424
A/SWINE/NORTH_CAROLINA/A01797415/2015:A/SWINE/MEXICO/AVX61/2013,swine:swine,1A:1B,2,5.341606502,0.2084764,0.439807522598587,0.439807522598587
A/SWINE/NORTH_CAROLINA/A01797415/2015:A/SWINE/MICHIGAN/A01104117/2018,swine:swine,1A:1B,3,6.813466037,0.2116312,0.458098258672242,0.458098258672242
A/SWINE/NORTH_CAROLINA/A01797415/2015:A/SWINE/MINNESOTA/A01134353/2011,swine:swine,1A:1B,4,4.322885158,0.2167377,0.450060823140103,0.450060823140103
A/SWINE/NORTH_CAROLINA/A01797415/2015:A/SWINE/MINNESOTA/A01781045/2016,swine:swine,1A:1A,1,8.535513453,0.112557,0.370285723958484,0.370285723958484
A/SWINE/NORTH_CAROLINA/A01797415/2015:A/SWINE/NEBRASKA/A01492366/2014,swine:swine,1A:1B,1,5.415368003,0.2189326,0.450060823140103,0.450060823140103
A/SWINE/NORTH_CAROLINA/A01797415/2015:A/SWINE/NORTH_CAROLINA/A01730369/2016,swine:swine,1A:1A,1,4.572195187,0.0074181,0.0955200899876088,0.0955200899876088
A/SWINE/NORTH_CAROLINA/A01797415/2015:A/SWINE/OKLAHOMA/A01409770/2014,swine:swine,1A:1B,1,7.534805836,0.2066224,0.450060823140103,0.450060823140103
A/SWINE/NORTH_CAROLINA/A01797415/2015:A/SWINE/SASKATCHEWAN/SD0094/2015,swine:swine,1A:1A,0,3.354315916,0.102486,0.341431679821056,0.341431679821056
A/SWINE/NORTH_CAROLINA/A01797415/2015:A/SWINE/SASKATCHEWAN/SD0102/2015,swine:swine,1A:1A,0,10.79801883,0.111152,0.37519038433475,0.37519038433475
A/SWINE/NORTH_CAROLINA/A01797415/2015:A/SWINE/SASKATCHEWAN/SD0200/2016,swine:swine,1A:1A,1,8.240987549,0.1181009,0.387180309832196,0.387180309832196
A/SWINE/NORTH_CAROLINA/A01841602/2015:A/MINNESOTA/45/2016,swine:hu-variant,1A:1A,1,12.04784454,0.1166852,0.380031750814398,0.380031750814398
A/SWINE/NORTH_CAROLINA/A01841602/2015:A/OHIO/9/2015,swine:hu-variant,1A:1A,0,2.208401937,0.0058178,0.0872041440393895,0.0872041440393895
A/SWINE/NORTH_CAROLINA/A01841602/2015:A/SWINE/ALBERTA/SD0014/2013,swine:swine,1A:1A,2,8.365737544,0.1137222,0.367138295786685,0.367138295786685
A/SWINE/NORTH_CAROLINA/A01841602/2015:A/SWINE/ALBERTA/SD0125/2015,swine:swine,1A:1A,0,7.17159697,0.1136027,0.374506353894654,0.374506353894654
A/SWINE/NORTH_CAROLINA/A01841602/2015:A/SWINE/ALBERTA/SD0154/2016,swine:swine,1A:1A,1,5.692060359,0.1184065,0.37206654711583,0.37206654711583
A/SWINE/NORTH_CAROLINA/A01841602/2015:A/SWINE/ALBERTA/SD0191/2016,swine:swine,1A:1A,1,10.06772794,0.1259019,0.39419925547425,0.39419925547425
A/SWINE/NORTH_CAROLINA/A01841602/2015:A/SWINE/ILLINOIS/A01493472/2014,swine:swine,1A:1A,1,5.568411641,0.0662303,0.307762357165655,0.307762357165655
A/SWINE/NORTH_CAROLINA/A01841602/2015:A/SWINE/ILLINOIS/A01644323/2018,swine:swine,1A:1B,3,6.892535615,0.2350424,0.477600449938044,0.477600449938044
A/SWINE/NORTH_CAROLINA/A01841602/2015:A/SWINE/ILLINOIS/A02139356/2018,swine:swine,1A:1B,3,11.36553149,0.2274904,0.467950961308748,0.467950961308748
A/SWINE/NORTH_CAROLINA/A01841602/2015:A/SWINE/IOWA/A01731653/2016,swine:swine,1A:1A,1,5.545470371,0.0423436,0.241648837332071,0.241648837332071
A/SWINE/NORTH_CAROLINA/A01841602/2015:A/SWINE/MANITOBA/D0333/2014,swine:swine,1A:1A,1,6.046415229,0.1121084,0.359619308934927,0.359619308934927
A/SWINE/NORTH_CAROLINA/A01841602/2015:A/SWINE/MANITOBA/D0348/2014,swine:swine,1A:1A,1,9.763706832,0.1131429,0.37519038433475,0.37519038433475
A/SWINE/NORTH_CAROLINA/A01841602/2015:A/SWINE/MANITOBA/D0392/2014,swine:swine,1A:1A,1,12.47737369,0.1133853,0.380031750814398,0.380031750814398
A/SWINE/NORTH_CAROLINA/A01841602/2015:A/SWINE/MANITOBA/SD0114/2015,swine:swine,1A:1A,0,10.74548002,0.1149818,0.372746121284123,0.372746121284123
A/SWINE/NORTH_CAROLINA/A01841602/2015:A/SWINE/MEXICO/AVX18/2012,swine:swine,1A:1B,3,6.267431305,0.2249918,0.469896711744219,0.469896711744219
A/SWINE/NORTH_CAROLINA/A01841602/2015:A/SWINE/MEXICO/AVX23/2012,swine:swine,1A:1A,3,6.007239867,0.0834601,0.322219081700668,0.322219081700668
A/SWINE/NORTH_CAROLINA/A01841602/2015:A/SWINE/MEXICO/AVX31/2012,swine:swine,1A:1A,3,5.197041139,0.0619242,0.322219081700668,0.322219081700668
A/SWINE/NORTH_CAROLINA/A01841602/2015:A/SWINE/MEXICO/AVX44/2012,swine:swine,1A:1A,3,5.91522449,0.0680727,0.322219081700668,0.322219081700668
A/SWINE/NORTH_CAROLINA/A01841602/2015:A/SWINE/MEXICO/AVX61/2013,swine:swine,1A:1B,2,7.290621958,0.2267801,0.458098258672242,0.458098258672242
A/SWINE/NORTH_CAROLINA/A01841602/2015:A/SWINE/MICHIGAN/A01104117/2018,swine:swine,1A:1B,3,8.787894691,0.2299698,0.469896711744219,0.469896711744219
A/SWINE/NORTH_CAROLINA/A01841602/2015:A/SWINE/MINNESOTA/A01134353/2011,swine:swine,1A:1B,4,5.993699546,0.2321413,0.465997086548331,0.465997086548331
A/SWINE/NORTH_CAROLINA/A01841602/2015:A/SWINE/MINNESOTA/A01567490/2014,swine:swine,1A:1A,1,4.544901861,0.0351854,0.229833233276646,0.229833233276646
A/SWINE/NORTH_CAROLINA/A01841602/2015:A/SWINE/MINNESOTA/A01781045/2016,swine:swine,1A:1A,1,11.07556932,0.1158021,0.372746121284123,0.372746121284123
A/SWINE/NORTH_CAROLINA/A01841602/2015:A/SWINE/NEBRASKA/A01492366/2014,swine:swine,1A:1B,1,7.523351807,0.2344543,0.467950961308748,0.467950961308748
A/SWINE/NORTH_CAROLINA/A01841602/2015:A/SWINE/NORTH_CAROLINA/A01730369/2016,swine:swine,1A:1A,1,6.354624552,0.037978,0.221968630650146,0.221968630650146
A/SWINE/NORTH_CAROLINA/A01841602/2015:A/SWINE/NORTH_CAROLINA/A01797415/2015,swine:swine,1A:1A,0,4.196247479,0.0396442,0.229833233276646,0.229833233276646
A/SWINE/NORTH_CAROLINA/A01841602/2015:A/SWINE/OHIO/A01847657/2015,swine:swine,1A:1A,0,1.37889583,0.0055716,0.085357919955264,0.085357919955264
A/SWINE/NORTH_CAROLINA/A01841602/2015:A/SWINE/OKLAHOMA/A01409770/2014,swine:swine,1A:1B,1,9.838190045,0.2274739,0.469896711744219,0.469896711744219
A/SWINE/NORTH_CAROLINA/A01841602/2015:A/SWINE/SASKATCHEWAN/SD0094/2015,swine:swine,1A:1A,0,6.284198422,0.1080986,0.362142984170074,0.362142984170074
A/SWINE/NORTH_CAROLINA/A01841602/2015:A/SWINE/SASKATCHEWAN/SD0102/2015,swine:swine,1A:1A,0,12.02409982,0.1143711,0.382429451261218,0.382429451261218
A/SWINE/NORTH_CAROLINA/A01841602/2015:A/SWINE/SASKATCHEWAN/SD0200/2016,swine:swine,1A:1A,1,9.466896502,0.1201273,0.389534011206537,0.389534011206537
A/SWINE/NORTH_CAROLINA/A02076926/2015:A/MINNESOTA/45/2016,swine:hu-variant,1A:1A,1,12.31817986,0.1155851,0.377618826413829,0.377618826413829
A/SWINE/NORTH_CAROLINA/A02076926/2015:A/OHIO/9/2015,swine:hu-variant,1A:1A,0,1.965676032,0.0058173,0.097497196995879,0.097497196995879
A/SWINE/NORTH_CAROLINA/A02076926/2015:A/SWINE/ALBERTA/SD0014/2013,swine:swine,1A:1A,2,7.094388161,0.1137057,0.369610635477286,0.369610635477286
A/SWINE/NORTH_CAROLINA/A02076926/2015:A/SWINE/ALBERTA/SD0125/2015,swine:swine,1A:1A,0,5.825117199,0.1146796,0.376930368546023,0.376930368546023
A/SWINE/NORTH_CAROLINA/A02076926/2015:A/SWINE/ALBERTA/SD0154/2016,swine:swine,1A:1A,1,4.33640988,0.1183891,0.374506353894654,0.374506353894654
A/SWINE/NORTH_CAROLINA/A02076926/2015:A/SWINE/ALBERTA/SD0191/2016,swine:swine,1A:1A,1,10.29372959,0.1247696,0.39419925547425,0.39419925547425
A/SWINE/NORTH_CAROLINA/A02076926/2015:A/SWINE/ILLINOIS/A01493472/2014,swine:swine,1A:1A,1,3.668610137,0.0653015,0.304788738084904,0.304788738084904
A/SWINE/NORTH_CAROLINA/A02076926/2015:A/SWINE/ILLINOIS/A01644323/2018,swine:swine,1A:1B,3,6.59806443,0.2349908,0.477600449938044,0.477600449938044
A/SWINE/NORTH_CAROLINA/A02076926/2015:A/SWINE/ILLINOIS/A02139356/2018,swine:swine,1A:1B,3,11.55625054,0.2274412,0.467950961308748,0.467950961308748
A/SWINE/NORTH_CAROLINA/A02076926/2015:A/SWINE/IOWA/A01731653/2016,swine:swine,1A:1A,1,4.674159346,0.0414875,0.237843105987316,0.237843105987316
A/SWINE/NORTH_CAROLINA/A02076926/2015:A/SWINE/MANITOBA/D0333/2014,swine:swine,1A:1A,1,5.758005038,0.1110359,0.357077797873323,0.357077797873323
A/SWINE/NORTH_CAROLINA/A02076926/2015:A/SWINE/MANITOBA/D0348/2014,swine:swine,1A:1A,1,10.02556032,0.1131264,0.37519038433475,0.37519038433475
A/SWINE/NORTH_CAROLINA/A02076926/2015:A/SWINE/MANITOBA/D0392/2014,swine:swine,1A:1A,1,13.33292806,0.1133688,0.380031750814398,0.380031750814398
A/SWINE/NORTH_CAROLINA/A02076926/2015:A/SWINE/MANITOBA/SD0114/2015,swine:swine,1A:1A,0,10.66162312,0.114965,0.372746121284123,0.372746121284123
A/SWINE/NORTH_CAROLINA/A02076926/2015:A/SWINE/MEXICO/AVX18/2012,swine:swine,1A:1B,3,7.092175597,0.2249439,0.469896711744219,0.469896711744219
A/SWINE/NORTH_CAROLINA/A02076926/2015:A/SWINE/MEXICO/AVX23/2012,swine:swine,1A:1A,3,4.612390215,0.082476,0.319380091720272,0.319380091720272
A/SWINE/NORTH_CAROLINA/A02076926/2015:A/SWINE/MEXICO/AVX31/2012,swine:swine,1A:1A,3,3.64304834,0.061008,0.319380091720272,0.319380091720272
A/SWINE/NORTH_CAROLINA/A02076926/2015:A/SWINE/MEXICO/AVX44/2012,swine:swine,1A:1A,3,4.917682472,0.0680647,0.325033275583892,0.325033275583892
A/SWINE/NORTH_CAROLINA/A02076926/2015:A/SWINE/MEXICO/AVX61/2013,swine:swine,1A:1B,2,7.13157939,0.2267317,0.458098258672242,0.458098258672242
A/SWINE/NORTH_CAROLINA/A02076926/2015:A/SWINE/MICHIGAN/A01104117/2018,swine:swine,1A:1B,3,9.028956896,0.2299198,0.469896711744219,0.469896711744219
A/SWINE/NORTH_CAROLINA/A02076926/2015:A/SWINE/MINNESOTA/A01134353/2011,swine:swine,1A:1B,4,5.308372803,0.2320911,0.465997086548331,0.465997086548331
A/SWINE/NORTH_CAROLINA/A02076926/2015:A/SWINE/MINNESOTA/A01567490/2014,swine:swine,1A:1A,1,3.095225138,0.0343481,0.225835828631386,0.225835828631386
A/SWINE/NORTH_CAROLINA/A02076926/2015:A/SWINE/MINNESOTA/A01781045/2016,swine:swine,1A:1A,1,11.10245839,0.1157851,0.372746121284123,0.372746121284123
A/SWINE/NORTH_CAROLINA/A02076926/2015:A/SWINE/NEBRASKA/A01492366/2014,swine:swine,1A:1B,1,7.561031369,0.2344035,0.467950961308748,0.467950961308748
A/SWINE/NORTH_CAROLINA/A02076926/2015:A/SWINE/NORTH_CAROLINA/A01730369/2016,swine:swine,1A:1A,1,5.795959891,0.0371362,0.217819318414259,0.217819318414259
A/SWINE/NORTH_CAROLINA/A02076926/2015:A/SWINE/NORTH_CAROLINA/A01797415/2015,swine:swine,1A:1A,0,3.472799368,0.0387984,0.225835828631386,0.225835828631386
A/SWINE/NORTH_CAROLINA/A02076926/2015:A/SWINE/NORTH_CAROLINA/A01841602/2015,swine:swine,1A:1A,0,2.024020177,7.311e-4,0.042678959977632,0.042678959977632
A/SWINE/NORTH_CAROLINA/A02076926/2015:A/SWINE/OHIO/A01847657/2015,swine:swine,1A:1A,0,2.598101606,0.0055712,0.095433055718978,0.095433055718978
A/SWINE/NORTH_CAROLINA/A02076926/2015:A/SWINE/OKLAHOMA/A01409770/2014,swine:swine,1A:1B,1,9.932514256,0.2274249,0.469896711744219,0.469896711744219
A/SWINE/NORTH_CAROLINA/A02076926/2015:A/SWINE/SASKATCHEWAN/SD0094/2015,swine:swine,1A:1A,0,5.297650494,0.1091578,0.364649193895145,0.364649193895145
A/SWINE/NORTH_CAROLINA/A02076926/2015:A/SWINE/SASKATCHEWAN/SD0102/2015,swine:swine,1A:1A,0,12.35176194,0.113277,0.380031750814398,0.380031750814398
A/SWINE/NORTH_CAROLINA/A02076926/2015:A/SWINE/SASKATCHEWAN/SD0200/2016,swine:swine,1A:1A,1,9.754108989,0.1201092,0.389534011206537,0.389534011206537
A/SWINE/OHIO/A01847657/2015:A/MINNESOTA/45/2016,swine:hu-variant,1A:1A,1,11.65125839,0.1149646,0.380031750814398,0.380031750814398
A/SWINE/OHIO/A01847657/2015:A/OHIO/9/2015,swine:hu-variant,1A:1A,0,1.902046719,0.0015297,0.0616626415978207,0.0616626415978207
A/SWINE/OHIO/A01847657/2015:A/SWINE/ALBERTA/SD0014/2013,swine:swine,1A:1A,2,7.972554427,0.1158902,0.367138295786685,0.367138295786685
A/SWINE/OHIO/A01847657/2015:A/SWINE/ALBERTA/SD0125/2015,swine:swine,1A:1A,0,7.323424934,0.1169366,0.374506353894654,0.374506353894654
A/SWINE/OHIO/A01847657/2015:A/SWINE/ALBERTA/SD0154/2016,swine:swine,1A:1A,1,5.734247239,0.1184062,0.37206654711583,0.37206654711583
A/SWINE/OHIO/A01847657/2015:A/SWINE/ALBERTA/SD0191/2016,swine:swine,1A:1A,1,9.29257507,0.1241032,0.39419925547425,0.39419925547425
A/SWINE/OHIO/A01847657/2015:A/SWINE/ILLINOIS/A01493472/2014,swine:swine,1A:1A,1,5.916542687,0.0654251,0.307762357165655,0.307762357165655
A/SWINE/OHIO/A01847657/2015:A/SWINE/ILLINOIS/A01644323/2018,swine:swine,1A:1B,3,6.367547301,0.2347079,0.47950704614142,0.47950704614142
A/SWINE/OHIO/A01847657/2015:A/SWINE/ILLINOIS/A02139356/2018,swine:swine,1A:1B,3,10.84732215,0.2254461,0.469896711744219,0.469896711744219
A/SWINE/OHIO/A01847657/2015:A/SWINE/IOWA/A01731653/2016,swine:swine,1A:1A,1,6.212321743,0.042538,0.249085920156957,0.249085920156957
A/SWINE/OHIO/A01847657/2015:A/SWINE/MANITOBA/D0333/2014,swine:swine,1A:1A,1,4.94549294,0.1119911,0.362142984170074,0.362142984170074
A/SWINE/OHIO/A01847657/2015:A/SWINE/MANITOBA/D0348/2014,swine:swine,1A:1A,1,9.07134134,0.111449,0.37519038433475,0.37519038433475
A/SWINE/OHIO/A01847657/2015:A/SWINE/MANITOBA/D0392/2014,swine:swine,1A:1A,1,12.03727694,0.111692,0.380031750814398,0.380031750814398
A/SWINE/OHIO/A01847657/2015:A/SWINE/MANITOBA/SD0114/2015,swine:swine,1A:1A,0,10.02364473,0.1132764,0.372746121284123,0.372746121284123
A/SWINE/OHIO/A01847657/2015:A/SWINE/MEXICO/AVX18/2012,swine:swine,1A:1B,3,5.834831678,0.2231809,0.471834438364006,0.471834438364006
A/SWINE/OHIO/A01847657/2015:A/SWINE/MEXICO/AVX23/2012,swine:swine,1A:1A,3,6.564273064,0.0827601,0.327823311955642,0.327823311955642
A/SWINE/OHIO/A01847657/2015:A/SWINE/MEXICO/AVX31/2012,swine:swine,1A:1A,3,5.424175266,0.0620597,0.322219081700668,0.322219081700668
A/SWINE/OHIO/A01847657/2015:A/SWINE/MEXICO/AVX44/2012,swine:swine,1A:1A,3,5.342322138,0.0672557,0.322219081700668,0.322219081700668
A/SWINE/OHIO/A01847657/2015:A/SWINE/MEXICO/AVX61/2013,swine:swine,1A:1B,2,6.772730767,0.2255684,0.460085679104217,0.460085679104217
A/SWINE/OHIO/A01847657/2015:A/SWINE/MICHIGAN/A01104117/2018,swine:swine,1A:1B,3,8.378077065,0.2279118,0.469896711744219,0.469896711744219
A/SWINE/OHIO/A01847657/2015:A/SWINE/MINNESOTA/A01134353/2011,swine:swine,1A:1B,4,5.457054503,0.2318176,0.467950961308748,0.467950961308748
A/SWINE/OHIO/A01847657/2015:A/SWINE/MINNESOTA/A01567490/2014,swine:swine,1A:1A,1,5.209783673,0.0354039,0.237626392406108,0.237626392406108
A/SWINE/OHIO/A01847657/2015:A/SWINE/MINNESOTA/A01781045/2016,swine:swine,1A:1A,1,10.72762583,0.1140868,0.372746121284123,0.372746121284123
A/SWINE/OHIO/A01847657/2015:A/SWINE/NEBRASKA/A01492366/2014,swine:swine,1A:1B,1,7.131536542,0.2341242,0.469896711744219,0.469896711744219
A/SWINE/OHIO/A01847657/2015:A/SWINE/NORTH_CAROLINA/A01730369/2016,swine:swine,1A:1A,1,5.80644434,0.0381861,0.233975480654374,0.233975480654374
A/SWINE/OHIO/A01847657/2015:A/SWINE/NORTH_CAROLINA/A01797415/2015,swine:swine,1A:1A,0,4.778059698,0.0398467,0.237626392406108,0.237626392406108
A/SWINE/OHIO/A01847657/2015:A/SWINE/OKLAHOMA/A01409770/2014,swine:swine,1A:1B,1,9.450688398,0.225438,0.471834438364006,0.471834438364006
A/SWINE/OHIO/A01847657/2015:A/SWINE/SASKATCHEWAN/SD0094/2015,swine:swine,1A:1A,0,6.146106185,0.1102935,0.362142984170074,0.362142984170074
A/SWINE/OHIO/A01847657/2015:A/SWINE/SASKATCHEWAN/SD0102/2015,swine:swine,1A:1A,0,11.22797424,0.1126669,0.382429451261218,0.382429451261218
A/SWINE/OHIO/A01847657/2015:A/SWINE/SASKATCHEWAN/SD0200/2016,swine:swine,1A:1A,1,8.7247801,0.1172556,0.389534011206537,0.389534011206537
A/SWINE/OKLAHOMA/A01409770/2014:A/SWINE/ILLINOIS/A02139356/2018,swine:swine,1B:1B,4,1.867930669,0.0306533,0.200364631114026,0.200364631114026
A/SWINE/OKLAHOMA/A01409770/2014:A/SWINE/MICHIGAN/A01104117/2018,swine:swine,1B:1B,4,1.205117726,0.0336108,0.209274031924547,0.209274031924547
A/SWINE/SASKATCHEWAN/SD0094/2015:A/MINNESOTA/45/2016,swine:hu-variant,1A:1A,1,8.344547597,0.097556,0.347358799058501,0.347358799058501
A/SWINE/SASKATCHEWAN/SD0094/2015:A/SWINE/ALBERTA/SD0014/2013,swine:swine,1A:1A,2,2.851896536,0.0417636,0.221766381286372,0.221766381286372
A/SWINE/SASKATCHEWAN/SD0094/2015:A/SWINE/ALBERTA/SD0154/2016,swine:swine,1A:1A,1,1.465737052,0.0425833,0.21339479988816001,0.21339479988816001
A/SWINE/SASKATCHEWAN/SD0094/2015:A/SWINE/ALBERTA/SD0191/2016,swine:swine,1A:1A,1,6.743421823,0.1032029,0.355165589518554,0.355165589518554
A/SWINE/SASKATCHEWAN/SD0094/2015:A/SWINE/ILLINOIS/A01644323/2018,swine:swine,1A:1B,3,2.664118963,0.2180426,0.464034984837657,0.464034984837657
A/SWINE/SASKATCHEWAN/SD0094/2015:A/SWINE/ILLINOIS/A02139356/2018,swine:swine,1A:1B,3,7.501035302,0.2129033,0.465997086548331,0.465997086548331
A/SWINE/SASKATCHEWAN/SD0094/2015:A/SWINE/MANITOBA/D0333/2014,swine:swine,1A:1A,1,4.795206585,0.1057111,0.349342343353543,0.349342343353543
A/SWINE/SASKATCHEWAN/SD0094/2015:A/SWINE/MANITOBA/D0348/2014,swine:swine,1A:1A,1,6.468243265,0.0923051,0.339372471760256,0.339372471760256
A/SWINE/SASKATCHEWAN/SD0094/2015:A/SWINE/MANITOBA/D0392/2014,swine:swine,1A:1A,1,10.63919044,0.0957213,0.34205529984721,0.34205529984721
A/SWINE/SASKATCHEWAN/SD0094/2015:A/SWINE/MANITOBA/SD0114/2015,swine:swine,1A:1A,0,6.436264241,0.09317,0.333942161846728,0.333942161846728
A/SWINE/SASKATCHEWAN/SD0094/2015:A/SWINE/MICHIGAN/A01104117/2018,swine:swine,1A:1B,3,5.439841669,0.2120184,0.462064551372464,0.462064551372464
A/SWINE/SASKATCHEWAN/SD0094/2015:A/SWINE/MINNESOTA/A01134353/2011,swine:swine,1A:1B,4,1.851241078,0.2137772,0.450060823140103,0.450060823140103
A/SWINE/SASKATCHEWAN/SD0094/2015:A/SWINE/MINNESOTA/A01781045/2016,swine:swine,1A:1A,1,6.761058426,0.0928795,0.333942161846728,0.333942161846728
A/SWINE/SASKATCHEWAN/SD0094/2015:A/SWINE/NEBRASKA/A01492366/2014,swine:swine,1A:1B,1,3.875092519,0.2188894,0.45409732388778,0.45409732388778
A/SWINE/SASKATCHEWAN/SD0094/2015:A/SWINE/NORTH_CAROLINA/A01730369/2016,swine:swine,1A:1A,1,2.014083172,0.1047744,0.349660941088117,0.349660941088117
A/SWINE/SASKATCHEWAN/SD0094/2015:A/SWINE/OKLAHOMA/A01409770/2014,swine:swine,1A:1B,1,5.852853167,0.2110938,0.460085679104217,0.460085679104217
A/SWINE/SASKATCHEWAN/SD0094/2015:A/SWINE/SASKATCHEWAN/SD0102/2015,swine:swine,1A:1A,0,8.759066508,0.0945303,0.344717248942469,0.344717248942469
A/SWINE/SASKATCHEWAN/SD0094/2015:A/SWINE/SASKATCHEWAN/SD0200/2016,swine:swine,1A:1A,1,6.371172854,0.1021805,0.35772999530786,0.35772999530786
A/SWINE/SASKATCHEWAN/SD0102/2015:A/MINNESOTA/45/2016,swine:hu-variant,1A:1A,1,3.79017962,0.006319,0.113124157253419,0.113124157253419
A/SWINE/SASKATCHEWAN/SD0102/2015:A/SWINE/ALBERTA/SD0191/2016,swine:swine,1A:1A,1,2.093028321,0.0143749,0.176291266384046,0.176291266384046
A/SWINE/SASKATCHEWAN/SD0102/2015:A/SWINE/ILLINOIS/A01644323/2018,swine:swine,1A:1B,3,6.20511703,0.2138043,0.462486720991247,0.462486720991247
A/SWINE/SASKATCHEWAN/SD0102/2015:A/SWINE/ILLINOIS/A02139356/2018,swine:swine,1A:1B,3,2.713123683,0.2177924,0.464458954761489,0.464458954761489
A/SWINE/SASKATCHEWAN/SD0102/2015:A/SWINE/MANITOBA/D0348/2014,swine:swine,1A:1A,1,2.446987373,0.009349,0.135209229156129,0.135209229156129
A/SWINE/SASKATCHEWAN/SD0102/2015:A/SWINE/MANITOBA/SD0114/2015,swine:swine,1A:1A,0,2.769029269,0.0070754,0.135209229156129,0.135209229156129
A/SWINE/SASKATCHEWAN/SD0102/2015:A/SWINE/MICHIGAN/A01104117/2018,swine:swine,1A:1B,3,4.379166468,0.2238683,0.468378509101276,0.468378509101276
A/SWINE/SASKATCHEWAN/SD0102/2015:A/SWINE/MINNESOTA/A01134353/2011,swine:swine,1A:1B,4,7.797358973,0.212993,0.456518900373837,0.456518900373837
A/SWINE/SASKATCHEWAN/SD0102/2015:A/SWINE/MINNESOTA/A01781045/2016,swine:swine,1A:1A,1,4.2811259250000004,0.0097428,0.141808635893213,0.141808635893213
A/SWINE/SASKATCHEWAN/SD0102/2015:A/SWINE/NEBRASKA/A01492366/2014,swine:swine,1A:1B,1,5.446446417,0.2163018,0.458516804450433,0.458516804450433
A/SWINE/SASKATCHEWAN/SD0102/2015:A/SWINE/NORTH_CAROLINA/A01730369/2016,swine:swine,1A:1A,1,7.218816263,0.1092568,0.382779501175476,0.382779501175476
A/SWINE/SASKATCHEWAN/SD0102/2015:A/SWINE/OKLAHOMA/A01409770/2014,swine:swine,1A:1B,1,4.131789112,0.2134189,0.462486720991247,0.462486720991247
A/SWINE/SASKATCHEWAN/SD0102/2015:A/SWINE/SASKATCHEWAN/SD0200/2016,swine:swine,1A:1A,1,2.613696835,0.0191553,0.186373060642062,0.186373060642062
A/SWINE/SASKATCHEWAN/SD0200/2016:A/MINNESOTA/45/2016,swine:hu-variant,1A:1A,0,4.011503385,0.0195269,0.176291266384046,0.176291266384046
A/SWINE/SASKATCHEWAN/SD0200/2016:A/SWINE/ILLINOIS/A01644323/2018,swine:swine,1A:1B,2,3.741710279,0.2145276,0.468378509101276,0.468378509101276
A/SWINE/SASKATCHEWAN/SD0200/2016:A/SWINE/ILLINOIS/A02139356/2018,swine:swine,1A:1B,2,2.72585474,0.2163681,0.466422849164827,0.466422849164827
A/SWINE/SASKATCHEWAN/SD0200/2016:A/SWINE/MANITOBA/D0348/2014,swine:swine,1A:1A,2,0.507764952,0.0132587,0.128270737442704,0.128270737442704
A/SWINE/SASKATCHEWAN/SD0200/2016:A/SWINE/MICHIGAN/A01104117/2018,swine:swine,1A:1B,2,2.40271899,0.2209305,0.468378509101276,0.468378509101276
A/SWINE/SASKATCHEWAN/SD0200/2016:A/SWINE/MINNESOTA/A01134353/2011,swine:swine,1A:1B,5,5.367490335,0.2088291,0.462486720991247,0.462486720991247
A/SWINE/SASKATCHEWAN/SD0200/2016:A/SWINE/MINNESOTA/A01781045/2016,swine:swine,1A:1A,0,3.655590519,0.0199451,0.165596809973779,0.165596809973779
A/SWINE/SASKATCHEWAN/SD0200/2016:A/SWINE/NEBRASKA/A01492366/2014,swine:swine,1A:1B,2,3.034341944,0.2133543,0.460506040707759,0.460506040707759
A/SWINE/SASKATCHEWAN/SD0200/2016:A/SWINE/NORTH_CAROLINA/A01730369/2016,swine:swine,1A:1A,0,4.793822871,0.115617,0.394560078666932,0.394560078666932
A/SWINE/SASKATCHEWAN/SD0200/2016:A/SWINE/OKLAHOMA/A01409770/2014,swine:swine,1A:1B,2,2.744168802,0.21341,0.464458954761489,0.464458954761489
